Country Name,Country Code,Indicator Name,Indicator Code,1991,1992,1993,1994,1995,1996,1997,1998,1999,2000,2001,2002,2003,2004,2005,2006,2007,2008,2009,2010,2011,2012,2013,2014,2015,2016,2017,2018,2019,2020
Afganistán,AFG,"Desempleo, mujeres (% de la población activa femenina) (estimación modelado OIT)",SL.UEM.TOTL.FE.ZS,14.36,14.61,14.61,14.76,14.95,14.58,14.76,14.77,14.84,14.79,14.75,15.02,14.87,14.94,14.96,14.54,14.85,14.27,14.99,14.76,14.79,14.86,14.7,14.53,14.45,14.33,14.09,13.92,13.81,
Angola,AGO,"Desempleo, mujeres (% de la población activa femenina) (estimación modelado OIT)",SL.UEM.TOTL.FE.ZS,2.59,2.83,2.9,2.91,2.94,3.02,2.91,2.97,2.92,2.8,2.81,2.94,2.84,2.91,2.92,2.81,2.8,2.77,2.85,10.92,7.72,7.81,7.78,7.71,7.65,7.5,7.41,7.28,7.22,
Albania,ALB,"Desempleo, mujeres (% de la población activa femenina) (estimación modelado OIT)",SL.UEM.TOTL.FE.ZS,15.6,16.04,16.64,16.78,16.79,16.76,16.41,16.78,16.95,16.92,16.96,16.99,17.01,16.94,16.85,16.62,16.4,13.75,15.73,15.88,13.75,11.46,13.34,15.45,17.12,14.45,12.48,11.87,11.31,
El mundo árabe,ARB,"Desempleo, mujeres (% de la población activa femenina) (estimación modelado OIT)",SL.UEM.TOTL.FE.ZS,15.79844747,14.92286067,16.39820122,17.18566761,17.57503486,16.10349768,16.17479478,16.30675493,16.17138146,17.51815418,17.43880266,17.94758993,17.79733014,17.62174104,17.65147231,16.90652827,15.87460253,15.87849772,17.45455187,17.99665263,18.86390817,19.34257023,19.45571362,19.6889105,20.03159782,19.99726936,20.38842597,19.90343268,19.86978963,
Emiratos Árabes Unidos,ARE,"Desempleo, mujeres (% de la población activa femenina) (estimación modelado OIT)",SL.UEM.TOTL.FE.ZS,2.35,2.11,2.04,2.2,2.36,2.34,2.46,2.54,2.52,2.72,3.4,4.04,5.03,6.09,7.22,6.8,7.04,6.71,6.53,5.77,5.96,5.72,5.27,4.62,4.45,4.2,7.14,6.19,6.33,
Argentina,ARG,"Desempleo, mujeres (% de la población activa femenina) (estimación modelado OIT)",SL.UEM.TOTL.FE.ZS,5.75,6.71,12.56,13.93,22.19,19.19,17.63,14.03,15.15,16.34,17.19,18.83,17.55,15.79,13.56,12.39,10.5,9.72,9.86,9.2,8.5,8.81,8.48,8.38,8.68,9.14,9.46,10.54,10.7,
Armenia,ARM,"Desempleo, mujeres (% de la población activa femenina) (estimación modelado OIT)",SL.UEM.TOTL.FE.ZS,2.19,2.42,7.5,8.62,10.28,14.91,17.14,13.65,15.22,14.48,13.8,13.29,12.65,11.86,11.23,10.46,9.77,14.01,19.68,21.29,19.65,18.18,18.14,19.47,19.25,17.48,17.47,20.4,20.27,
Australia,AUS,"Desempleo, mujeres (% de la población activa femenina) (estimación modelado OIT)",SL.UEM.TOTL.FE.ZS,9.15,9.93,10,9.36,8.1,8.24,8.07,7.33,6.66,6.06,6.44,6.16,5.98,5.54,5.22,4.92,4.79,4.57,5.4,5.38,5.31,5.33,5.61,6.17,6.07,5.78,5.67,5.32,5.11,
Austria,AUT,"Desempleo, mujeres (% de la población activa femenina) (estimación modelado OIT)",SL.UEM.TOTL.FE.ZS,3.54,3.77,4.5,3.97,4.9,5.21,5.27,5.59,4.76,4.59,4.13,4.53,4.34,5.89,5.86,5.6,5.3,4.41,5.09,4.63,4.58,4.79,5.29,5.38,5.31,5.54,5.03,4.65,4.35,
Azerbaiyán,AZE,"Desempleo, mujeres (% de la población activa femenina) (estimación modelado OIT)",SL.UEM.TOTL.FE.ZS,0.9,1.82,4.69,6.52,7.6,8.7,9.92,10.86,11.88,12.71,11.52,10.38,9.27,8.04,7.29,6.34,5.5,5.55,6.58,6.91,6.45,6.09,5.95,5.84,5.87,5.91,5.93,5.77,5.73,
Burundi,BDI,"Desempleo, mujeres (% de la población activa femenina) (estimación modelado OIT)",SL.UEM.TOTL.FE.ZS,1.24,1.3,1.38,1.38,1.37,1.41,1.37,1.34,1.35,1.34,1.33,1.35,1.38,1.37,1.29,1.23,1.16,1.15,1.26,1.28,1.26,1.24,1.21,1.16,1.11,1.1,1.05,1,0.98,
Bélgica,BEL,"Desempleo, mujeres (% de la población activa femenina) (estimación modelado OIT)",SL.UEM.TOTL.FE.ZS,10.65,9.51,10.82,12.43,12.21,12.41,11.55,11.7,10.22,8.28,6.92,7.8,8,8.28,9.51,9.31,8.45,7.6,8.11,8.52,7.18,7.41,8.17,7.94,7.77,7.56,7.05,5.56,4.93,
Benin,BEN,"Desempleo, mujeres (% de la población activa femenina) (estimación modelado OIT)",SL.UEM.TOTL.FE.ZS,0.54,0.58,0.62,0.61,0.64,0.59,0.58,0.54,0.53,0.5,0.46,0.43,0.5,0.57,0.62,0.69,0.74,0.79,1,1.15,2.87,2.87,2.88,2.79,2.76,2.74,2.65,2.55,2.48,
Burkina Faso,BFA,"Desempleo, mujeres (% de la población activa femenina) (estimación modelado OIT)",SL.UEM.TOTL.FE.ZS,2.63,2.56,2.71,2.7,2.71,2.67,2.58,2.59,2.7,2.74,2.88,2.98,3.13,3.81,4.67,4.25,3.93,4.47,5.37,6.21,6.9,7.78,8.73,9.56,8.14,6.9,5.7,4.63,4.54,
Bangladesh,BGD,"Desempleo, mujeres (% de la población activa femenina) (estimación modelado OIT)",SL.UEM.TOTL.FE.ZS,2.08,2.12,2.12,2.13,2.12,2.12,2.39,2.66,3,3.33,3.72,4.24,4.84,5.96,7.09,6.49,6.64,6.78,7.39,4.44,5.41,6.45,7.61,7.51,7.46,7.38,6.75,6.65,6.55,
Bulgaria,BGR,"Desempleo, mujeres (% de la población activa femenina) (estimación modelado OIT)",SL.UEM.TOTL.FE.ZS,13.07,13.2,13.28,13.45,13.55,13.41,13.49,11.78,14.15,15.81,18.86,17.36,13.19,11.62,9.83,9.3,7.29,5.76,6.62,9.61,10.11,10.84,11.84,10.4,8.42,6.97,5.95,4.65,3.87,
Bahrein,BHR,"Desempleo, mujeres (% de la población activa femenina) (estimación modelado OIT)",SL.UEM.TOTL.FE.ZS,3.44,3.5,3.34,3.31,3.11,3.13,3.19,3.21,3.09,3.18,3.1,3.17,3.27,3.37,3.59,3.71,3.98,4.09,3.72,3.7,3.76,3.89,3.95,4.09,4.11,4.25,4.55,4.68,4.76,
Bahamas,BHS,"Desempleo, mujeres (% de la población activa femenina) (estimación modelado OIT)",SL.UEM.TOTL.FE.ZS,12.1,15.85,13.03,15.24,11.76,14.7,11.38,9.84,9.29,8.28,7.03,9.53,11.8,10.92,11.2,8.05,9.1,9.25,14.04,14.5,15.35,13.97,16.26,14.63,12.99,14.46,11.37,9.95,10.12,
Bosnia y Herzegovina,BIH,"Desempleo, mujeres (% de la población activa femenina) (estimación modelado OIT)",SL.UEM.TOTL.FE.ZS,21.22,22.14,23.15,24.59,25.62,26.66,27.45,28.35,29.19,29.84,30.63,31.8,32.7,33.59,34.32,34.87,32.95,26.8,25.65,29.93,29.93,30.65,29,31.12,30.65,29.98,23.1,20.29,18.73,
Belarús,BLR,"Desempleo, mujeres (% de la población activa femenina) (estimación modelado OIT)",SL.UEM.TOTL.FE.ZS,0.08,1.78,6.7,10.78,15.57,22.65,15.45,12.29,11,10.27,9.5,8.86,8.23,7.62,6.9,6.22,5.56,5.04,4.63,4.72,4.63,4.55,4.52,4.42,4.27,4.19,4.04,3.55,3.5,
Belice,BLZ,"Desempleo, mujeres (% de la población activa femenina) (estimación modelado OIT)",SL.UEM.TOTL.FE.ZS,15,14.44,14.39,15.72,18.06,18.67,20.76,21.79,20.63,18.33,15.51,15.17,16.06,16.58,17.21,15.07,13.12,12.76,12.91,12.9,12.79,12.72,12.58,14.01,11.07,11.12,9.8,9.74,9.66,
Bolivia,BOL,"Desempleo, mujeres (% de la población activa femenina) (estimación modelado OIT)",SL.UEM.TOTL.FE.ZS,3.5,3.41,3.62,3.66,3.66,3.66,3.69,3.71,3.54,3.6,3.53,3.61,3.6,3.61,3.57,3.47,3.37,3.4,3.46,3.05,2.67,2.8,2.97,2.85,3.8,4.04,4.06,3.61,3.54,
Brasil,BRA,"Desempleo, mujeres (% de la población activa femenina) (estimación modelado OIT)",SL.UEM.TOTL.FE.ZS,8.11,8.1,7.45,7.86,8.11,9.57,10.87,12.6,13.32,12.9,12.22,11.86,12.66,11.99,12.54,11.38,11.14,9.95,11.37,10.6,9.44,9.06,8.77,8.11,10.06,13.46,14.72,14.23,14.14,
Barbados,BRB,"Desempleo, mujeres (% de la población activa femenina) (estimación modelado OIT)",SL.UEM.TOTL.FE.ZS,26.18,25.67,27.72,27.98,22.86,17.77,18.03,16.54,13.48,11.39,11.81,12.21,12.56,10.45,10.8,9.81,8.43,9.43,9.89,10.47,12.63,12.26,11.43,12.65,10.32,10.1,10.19,10.21,10.35,
Brunei Darussalam,BRN,"Desempleo, mujeres (% de la población activa femenina) (estimación modelado OIT)",SL.UEM.TOTL.FE.ZS,6.71,6.82,6.74,6.69,6.89,6.98,6.89,6.82,6.97,7.18,7.26,7.34,7.44,7.47,7.53,7.82,8.06,7.94,7.63,7.75,8.01,8.02,7.89,7.9,8.57,9.28,9.99,10.06,8.27,
Bhután,BTN,"Desempleo, mujeres (% de la población activa femenina) (estimación modelado OIT)",SL.UEM.TOTL.FE.ZS,1.26,1.27,1.32,1.34,1.39,1.41,1.39,1.4,1.63,2.2,2.87,2.76,2.57,3.31,3.33,3.8,4.77,5.01,5.54,4.05,4.88,2.22,3.77,3.61,3.25,3.24,3.15,3.06,3.02,
Botswana,BWA,"Desempleo, mujeres (% de la población activa femenina) (estimación modelado OIT)",SL.UEM.TOTL.FE.ZS,16.93,18.82,21.14,22.98,23.74,24.12,23.98,23.65,20.55,17.25,22.07,24.45,26.47,24.24,22.14,20.12,19.91,19.74,19.71,21.54,21.42,21.35,21.43,21.08,20.87,20.92,20.71,20.61,20.51,
República Centroafricana,CAF,"Desempleo, mujeres (% de la población activa femenina) (estimación modelado OIT)",SL.UEM.TOTL.FE.ZS,4.5,4.57,4.67,4.72,4.67,4.6,4.66,4.66,4.7,4.66,4.65,4.68,4.64,4.61,4.57,4.42,4.3,4.28,4.53,4.59,4.56,4.58,4.51,4.68,4.49,4.41,4.33,4.26,4.21,
Canadá,CAN,"Desempleo, mujeres (% de la población activa femenina) (estimación modelado OIT)",SL.UEM.TOTL.FE.ZS,9.69,10.19,10.67,9.79,9.11,9.29,8.92,7.99,7.29,6.69,6.86,7.12,7.16,6.85,6.46,6.09,5.65,5.65,7.01,7.23,7.01,6.82,6.6,6.39,6.29,6.24,5.85,5.49,5.25,
Europa Central y del Báltico,CEB,"Desempleo, mujeres (% de la población activa femenina) (estimación modelado OIT)",SL.UEM.TOTL.FE.ZS,10.00512189,10.22294896,11.74043671,12.03392093,11.64035654,11.05540148,9.981826278,9.563343711,10.57614587,12.98239897,13.64385962,14.05170542,13.29798041,13.12278104,12.69929131,10.60835923,8.203263571,6.983896062,8.460743443,9.820673371,9.889162816,10.13953308,10.2414373,9.166719357,7.905661906,6.442238394,5.260026129,4.294307444,3.853870294,
Suiza,CHE,"Desempleo, mujeres (% de la población activa femenina) (estimación modelado OIT)",SL.UEM.TOTL.FE.ZS,2.52,3.53,4.57,4.42,3.92,4.08,3.99,4.14,3.57,3.13,3.46,3.1,4.49,4.76,5.09,4.71,4.51,3.97,4.52,5.19,4.79,4.73,4.92,4.99,4.91,5.01,5.06,5.11,4.71,
Islas del Canal,CHI,"Desempleo, mujeres (% de la población activa femenina) (estimación modelado OIT)",SL.UEM.TOTL.FE.ZS,5.68,5.58,5.6,5.75,5.83,5.84,5.96,6.08,6.03,6.16,6.1,5.87,5.87,5.99,6.25,6.56,6.9,6.83,6.16,6.16,6.46,6.47,6.51,6.67,6.83,6.92,7.06,7.19,7.3,
Chile,CHL,"Desempleo, mujeres (% de la población activa femenina) (estimación modelado OIT)",SL.UEM.TOTL.FE.ZS,5.69,5.32,5.1,6.78,5.24,9.97,9.56,9.32,13.09,12.46,11.92,11.79,12,12.98,12.25,11.73,10.86,12.1,13.4,9.91,8.86,8.13,7.17,7.12,7.14,7.26,7.46,7.98,8.01,
China,CHN,"Desempleo, mujeres (% de la población activa femenina) (estimación modelado OIT)",SL.UEM.TOTL.FE.ZS,2.09,2.09,2.35,2.52,2.61,2.69,2.78,2.78,2.87,2.87,3.3,3.65,3.99,3.91,3.91,3.82,3.73,3.99,4.08,3.9,3.9,3.99,3.99,3.99,3.99,3.9,3.81,3.72,3.98,
Côte d'Ivoire,CIV,"Desempleo, mujeres (% de la población activa femenina) (estimación modelado OIT)",SL.UEM.TOTL.FE.ZS,6.34,6.4,5.56,4.74,4.04,4.07,4.04,4.04,4.19,4.3,4.53,4.72,4.97,5.19,5.38,5.45,5.58,5.79,6.3,6.62,6.66,7.35,5.24,4.58,3.98,3.38,3.87,3.81,3.76,
Camerún,CMR,"Desempleo, mujeres (% de la población activa femenina) (estimación modelado OIT)",SL.UEM.TOTL.FE.ZS,6.04,6.13,6.26,6.31,6.46,6.52,6.55,6.57,6.62,6.66,6.7,6.27,5.78,5.3,4.61,4.05,3.51,3.85,4.43,4.9,4.68,4.48,4.29,4.05,4.01,3.96,3.87,3.83,3.78,
"Congo, República Democrática del",COD,"Desempleo, mujeres (% de la población activa femenina) (estimación modelado OIT)",SL.UEM.TOTL.FE.ZS,2.2,2.27,2.3,2.29,2.28,2.32,2.36,2.39,2.28,2.26,2.25,2.26,2.28,2.24,2.2,2.31,2.41,2.56,2.95,3.22,3.38,3.61,3.63,3.62,3.56,3.47,3.38,3.3,3.24,
"Congo, República del",COG,"Desempleo, mujeres (% de la población activa femenina) (estimación modelado OIT)",SL.UEM.TOTL.FE.ZS,20.54,20.7,20.88,21.03,21.19,21.19,20.9,21.1,20.98,21.24,21.12,21.2,21.1,21.07,21.08,20.1,19.05,18.4,18.34,15.59,12.92,10.71,10.73,10.86,10.77,10.57,10.31,10.22,10.24,
Colombia,COL,"Desempleo, mujeres (% de la población activa femenina) (estimación modelado OIT)",SL.UEM.TOTL.FE.ZS,13.8,13.36,11.33,12.53,11.48,15.12,15.31,18.31,23.72,25.06,19.37,19.99,18.63,18,15.86,15.38,14.81,14.76,15.83,14.19,13.1,12.66,11.67,11.03,10.84,11.2,11.51,11.79,12.76,
Comoras,COM,"Desempleo, mujeres (% de la población activa femenina) (estimación modelado OIT)",SL.UEM.TOTL.FE.ZS,4.71,4.97,4.87,4.96,5.04,4.9,4.97,4.91,4.96,4.88,4.95,4.92,4.91,4.89,5.29,5.59,6.07,6.54,7.32,7.97,8.57,9.24,9.97,10.55,10.51,10.42,10.22,10.05,10.02,
Cabo Verde,CPV,"Desempleo, mujeres (% de la población activa femenina) (estimación modelado OIT)",SL.UEM.TOTL.FE.ZS,10.47,10.62,10.96,11.04,11.04,11.01,11.06,11.05,11.27,11.05,11.01,11.07,11.13,11.05,11,10.95,10.94,10.78,10.81,11,11.38,11.51,11.77,12.02,12.29,12.64,12.77,11.55,11.46,
Costa Rica,CRI,"Desempleo, mujeres (% de la población activa femenina) (estimación modelado OIT)",SL.UEM.TOTL.FE.ZS,7.1,5.31,4.99,5.57,6.51,8.25,7.35,7.57,7.92,6.64,7.39,7.76,8,8.29,9.32,8.36,6.76,5.88,9.59,9.11,12.72,11.61,10.41,11.25,11.15,10.84,10.29,12.19,14.96,
Estados pequeos del Caribe,CSS,"Desempleo, mujeres (% de la población activa femenina) (estimación modelado OIT)",SL.UEM.TOTL.FE.ZS,18.47309636,18.62300189,18.24754003,17.67035698,17.2397559,17.49015727,17.56462814,16.79021169,16.8476043,16.24860288,15.37859639,14.92774997,13.7618537,12.8793573,12.84975166,11.86023723,11.75165556,11.45567481,12.35103195,13.02564271,13.49082713,14.03567591,14.84034525,13.96037424,13.51668298,13.50229833,12.33912733,10.69415412,9.705219789,
Cuba,CUB,"Desempleo, mujeres (% de la población activa femenina) (estimación modelado OIT)",SL.UEM.TOTL.FE.ZS,12.44,12.68,13.01,13.44,13.48,12.68,11.46,9.58,9.86,8.42,5.81,4.67,3.43,2.21,2.21,2.22,1.87,1.96,1.99,2.71,3.51,3.61,3.55,3.13,2.58,2.18,1.64,1.82,1.8,
Chipre,CYP,"Desempleo, mujeres (% de la población activa femenina) (estimación modelado OIT)",SL.UEM.TOTL.FE.ZS,2.18,2.23,2.71,3.27,4.01,4.79,5.56,6.57,7.83,7.45,5.82,4.21,4.6,5.48,6.53,5.43,4.6,4.25,5.47,6.42,7.62,11.02,15.13,15.02,14.77,13.33,11.27,8.76,8.01,
República Checa,CZE,"Desempleo, mujeres (% de la población activa femenina) (estimación modelado OIT)",SL.UEM.TOTL.FE.ZS,2.07,3.39,5.44,5.19,4.81,4.66,5.12,7.56,10.13,10.54,9.61,8.56,9.65,9.65,9.79,8.84,6.74,5.61,7.73,8.46,7.9,8.21,8.29,7.4,6.07,4.67,3.58,2.8,2.38,
Alemania,DEU,"Desempleo, mujeres (% de la población activa femenina) (estimación modelado OIT)",SL.UEM.TOTL.FE.ZS,6.54,8.24,9.33,10.32,9.63,9.6,10.59,10.44,9.24,8.27,7.78,8.21,9.28,10.08,10.89,10.17,8.8,7.65,7.31,6.49,5.58,5.18,4.91,4.63,4.22,3.74,3.32,2.91,2.73,
Djibouti,DJI,"Desempleo, mujeres (% de la población activa femenina) (estimación modelado OIT)",SL.UEM.TOTL.FE.ZS,11.35,11.55,11.48,11.67,11.56,11.58,11.65,11.71,11.84,11.75,11.73,11.86,11.89,11.81,11.73,11.66,11.54,11.51,11.71,11.76,11.86,11.81,12.15,11.67,11.6,11.7,11.5,11.2,11.26,
Dinamarca,DNK,"Desempleo, mujeres (% de la población activa femenina) (estimación modelado OIT)",SL.UEM.TOTL.FE.ZS,10.02,9.86,11.09,9.01,8.66,8.41,6.45,6.41,5.9,4.97,4.78,4.32,5.75,5.44,5.28,4.54,4.2,4.07,5.67,6.76,7.62,7.79,7.67,7.14,6.53,6.38,6.05,5.35,5.27,
República Dominicana,DOM,"Desempleo, mujeres (% de la población activa femenina) (estimación modelado OIT)",SL.UEM.TOTL.FE.ZS,10.51,10.89,10.87,10.78,10.84,10.82,10.86,10.81,10.81,10.72,11.28,10.19,10.07,10.06,9.75,8.92,7.61,7.42,7.92,7.07,8.38,9.25,10.57,9.71,10.91,10.73,8.12,9.1,9.6,
Argelia,DZA,"Desempleo, mujeres (% de la población activa femenina) (estimación modelado OIT)",SL.UEM.TOTL.FE.ZS,16.6,20.64,22.67,25.17,30.56,28.56,26.17,27.77,28.74,29.72,27.69,27.09,25.44,18.21,18.04,16,20.08,18.29,18.09,19.09,17.13,17.01,16.27,15.64,16.59,18.32,20.62,20.49,20.44,
Asia oriental y el Pacífico (excluido altos ingresos),EAP,"Desempleo, mujeres (% de la población activa femenina) (estimación modelado OIT)",SL.UEM.TOTL.FE.ZS,2.207204506,2.151532421,2.380802664,2.674681369,2.761463983,2.83650977,2.912159686,3.064647746,3.164463731,3.117792559,3.549046442,3.761044643,4.056730866,4.054036119,4.106789099,3.967283601,3.96465943,3.992295803,3.926849899,3.728183222,3.634893592,3.618281785,3.576328502,3.544666038,3.612268765,3.502890043,3.420167404,3.347067447,3.478382693,
inicial del dividendo demográfico,EAR,"Desempleo, mujeres (% de la población activa femenina) (estimación modelado OIT)",SL.UEM.TOTL.FE.ZS,5.56124061,5.624868042,5.983377656,6.534264692,7.089532365,6.959894654,6.882468757,6.939058017,7.162911121,7.087563645,7.223448012,7.594504165,7.621871996,7.608266221,7.516305355,7.146615336,6.981273451,6.444738593,6.692601426,6.605164375,6.417091001,6.387163771,6.525796572,6.441905081,6.726987426,6.702676382,6.54922439,6.441495308,6.365901233,
Asia oriental y el Pacífico,EAS,"Desempleo, mujeres (% de la población activa femenina) (estimación modelado OIT)",SL.UEM.TOTL.FE.ZS,2.271191378,2.234500639,2.46383607,2.739665596,2.819662076,2.894439521,2.975268803,3.209351505,3.319137878,3.23264806,3.642956496,3.858919219,4.124750205,4.084230903,4.111371568,3.953871436,3.935913746,3.96094184,3.993387239,3.800495197,3.679193697,3.652365279,3.596797086,3.572841586,3.6146094,3.500376309,3.412234652,3.318380166,3.43111966,
Europa y Asia central (excluido altos ingresos),ECA,"Desempleo, mujeres (% de la población activa femenina) (estimación modelado OIT)",SL.UEM.TOTL.FE.ZS,4.976341779,5.179857001,5.994715435,7.646901078,9.088308208,9.98773808,11.00937016,12.01926454,12.19890026,10.91326822,9.906748527,9.473088925,9.224491641,8.924785137,8.375332106,7.84676609,6.970923621,6.992477816,8.347415078,7.957744424,7.408114365,6.842661724,6.92266631,6.996377555,7.277606894,7.219506567,7.056561572,6.804515674,6.986902725,
Europa y Asia central,ECS,"Desempleo, mujeres (% de la población activa femenina) (estimación modelado OIT)",SL.UEM.TOTL.FE.ZS,7.667877761,8.024293414,9.128934273,10.24993892,10.77263818,11.14095526,11.47605886,11.72358686,11.53401206,10.71374269,9.706338241,9.556025872,9.478277761,9.453422598,9.128367278,8.465482682,7.470890599,7.294264422,8.647552593,8.830160613,8.675877156,8.88688523,9.138480621,8.87812147,8.534337356,8.098461622,7.549431928,7.000344703,6.772240067,
Ecuador,ECU,"Desempleo, mujeres (% de la población activa femenina) (estimación modelado OIT)",SL.UEM.TOTL.FE.ZS,6.26,6.28,6.36,6.46,6.39,6.37,6.45,6.42,6.2,6.39,5.24,5.78,6.16,5.72,4.71,4.37,3.92,5.01,5.89,4.97,4.29,3.82,3.67,4.15,4.52,5.85,4.93,4.4,4.6,
"Egipto, República Árabe de",EGY,"Desempleo, mujeres (% de la población activa femenina) (estimación modelado OIT)",SL.UEM.TOTL.FE.ZS,21.33,17.31,22.4,22.84,23.71,18.57,19.86,19.71,19.1,22.96,21.99,24.06,23.68,25.38,25.11,23.93,18.42,18.87,22.41,22.12,22.45,24.01,24.16,23.98,24.91,23.68,23.09,21.44,21.33,
Zona del Euro,EMU,"Desempleo, mujeres (% de la población activa femenina) (estimación modelado OIT)",SL.UEM.TOTL.FE.ZS,10.88688029,11.52685393,13.0296908,14.12760449,13.99485828,14.0428607,13.9507189,13.54487795,12.65395313,11.45877217,9.928851089,10.00285446,10.1440676,10.39208213,10.13354921,9.438863524,8.473814904,8.276764445,9.713102025,10.25303028,10.36265242,11.45519007,12.05349013,11.78741927,11.03450523,10.37687383,9.454829432,8.571242035,7.933596521,
Eritrea,ERI,"Desempleo, mujeres (% de la población activa femenina) (estimación modelado OIT)",SL.UEM.TOTL.FE.ZS,6.91,6.94,7.43,7.34,7.51,7.52,7.44,7.62,7.89,7.64,7.7,7.54,7.6,7.43,7.35,7,6.87,6.87,7.09,7.11,7.01,6.97,7.04,6.93,6.83,6.82,6.68,6.59,6.46,
España,ESP,"Desempleo, mujeres (% de la población activa femenina) (estimación modelado OIT)",SL.UEM.TOTL.FE.ZS,23.25,25.26,28.76,31.61,30.55,29.55,28.01,26.65,22.85,20.37,15.06,16.07,15.7,15.05,11.99,11.35,10.7,12.84,18.13,20.23,21.81,25.03,26.67,25.43,23.55,21.39,19.04,17.03,16.01,
Estonia,EST,"Desempleo, mujeres (% de la población activa femenina) (estimación modelado OIT)",SL.UEM.TOTL.FE.ZS,1.53,3.46,6.64,7.93,8.86,9.23,9.54,8.5,10.13,11.61,13.24,8.68,10.38,8.83,6.91,5.59,3.76,5.14,10.29,14.09,11.58,9.1,8.16,6.81,6.13,6.07,5.3,5.32,4.85,
Etiopía,ETH,"Desempleo, mujeres (% de la población activa femenina) (estimación modelado OIT)",SL.UEM.TOTL.FE.ZS,3.12,3.18,3.33,3.27,3.58,3.92,4.16,4.54,4.99,4.66,4.34,4.13,3.88,3.63,3.28,3.14,2.99,2.91,3.05,3.05,3.02,2.99,2.95,2.92,2.89,2.85,2.8,2.72,2.68,
Unión Europea,EUU,"Desempleo, mujeres (% de la población activa femenina) (estimación modelado OIT)",SL.UEM.TOTL.FE.ZS,10.62173166,11.1497492,12.54100149,13.33263529,13.072635,12.98382375,12.68946028,12.28552038,11.83465306,11.50124232,10.54188859,10.68445594,10.62216979,10.77608603,10.56849229,9.598875581,8.32434975,7.893397619,9.26696301,9.94003324,10.07642366,10.97266487,11.47717973,11.04779015,10.1948802,9.390497564,8.451740142,7.579496309,7.037310692,
Frágiles y situaciones de conflicto afectados,FCS,"Desempleo, mujeres (% de la población activa femenina) (estimación modelado OIT)",SL.UEM.TOTL.FE.ZS,4.01893572,3.987454762,4.099443079,4.39429809,4.686340682,4.908524875,4.979450517,5.057703056,5.331372551,5.347052781,5.388747616,5.60675136,5.638649307,5.540352731,5.239365729,5.061595382,4.957259454,4.916342908,5.245613889,5.473313971,5.513676994,5.583836076,5.690612676,6.101822072,6.065655968,6.629297918,6.874988118,6.526385962,6.286338616,
Finlandia,FIN,"Desempleo, mujeres (% de la población activa femenina) (estimación modelado OIT)",SL.UEM.TOTL.FE.ZS,5.03,9.64,14.42,14.87,16.15,15.56,15.18,13.58,12.45,11.99,10.76,10.17,9.94,10.58,8.61,8.08,7.19,6.69,7.57,7.64,7.1,7.05,7.52,7.95,8.84,8.58,8.39,7.3,6.17,
Fiji,FJI,"Desempleo, mujeres (% de la población activa femenina) (estimación modelado OIT)",SL.UEM.TOTL.FE.ZS,4.84,5.14,5.17,5.27,5.21,5.29,5.1,5.28,5.52,5.16,5.26,5.37,5.32,5.41,5.16,5,4.7,4.65,4.68,4.73,4.62,4.77,5.15,5.28,5.45,5.56,5.55,5.42,5.33,
Francia,FRA,"Desempleo, mujeres (% de la población activa femenina) (estimación modelado OIT)",SL.UEM.TOTL.FE.ZS,11.64,12.87,13.43,14.51,14.08,14.51,14.44,14.13,13.92,12.21,10.52,9.8,9.14,9.88,9.27,9.12,8.09,7.44,8.8,9.07,9.12,9.36,9.79,10.03,9.9,9.84,9.37,9.05,8.38,
Gabón,GAB,"Desempleo, mujeres (% de la población activa femenina) (estimación modelado OIT)",SL.UEM.TOTL.FE.ZS,15.88,15.59,16.01,16.65,17.33,17.85,18.68,19.3,19.31,20.12,20.95,21.58,22.19,22.64,22.98,23.75,24.89,25.66,27.34,28.97,28.96,28.96,29.04,28.87,28.72,28.52,28.2,28.01,27.95,
Reino Unido,GBR,"Desempleo, mujeres (% de la población activa femenina) (estimación modelado OIT)",SL.UEM.TOTL.FE.ZS,7.4,7.43,7.75,7.4,6.93,6.33,5.81,5.36,5.15,4.86,4.11,4.36,4.06,4.19,4.29,4.94,4.96,5.08,6.42,6.87,7.34,7.38,7.04,5.82,5.12,4.68,4.22,3.94,3.53,
Georgia,GEO,"Desempleo, mujeres (% de la población activa femenina) (estimación modelado OIT)",SL.UEM.TOTL.FE.ZS,1.67,4.17,4.18,7.18,6.5,10.65,10.62,13.72,12.14,10.5,10.64,10.99,11.54,11.76,12.67,11.65,12.56,17.59,19.06,17.53,17.36,18.34,16.15,14.45,13.9,12.53,12.7,11.22,10.15,
Ghana,GHA,"Desempleo, mujeres (% de la población activa femenina) (estimación modelado OIT)",SL.UEM.TOTL.FE.ZS,5.61,5.66,6.26,6.77,7.29,7.8,8.35,8.83,10.77,10.68,9.54,8.51,7.54,6.62,5.7,4.77,4.82,5.11,5.44,5.81,6.13,6.21,6.38,6.42,6.57,5.42,4.39,4.29,4.29,
Guinea,GIN,"Desempleo, mujeres (% de la población activa femenina) (estimación modelado OIT)",SL.UEM.TOTL.FE.ZS,3.37,3.43,3.5,3.51,3.52,3.51,3.51,3.48,3.54,3.53,3.53,3.55,3.54,3.54,3.45,3.35,3.24,3.18,3.4,3.53,3.46,3.49,3.47,3.43,3.41,3.41,3.23,3.18,3.17,
Gambia,GMB,"Desempleo, mujeres (% de la población activa femenina) (estimación modelado OIT)",SL.UEM.TOTL.FE.ZS,12.58,12.73,12.93,12.9,13.02,12.93,12.89,12.9,12.88,12.81,12.83,12.77,12.93,12.8,12.61,12.52,12.28,12.16,12.55,12.61,12.52,12.79,12.61,12.53,12.52,12.36,12.34,12.15,12.04,
Guinea-Bissau,GNB,"Desempleo, mujeres (% de la población activa femenina) (estimación modelado OIT)",SL.UEM.TOTL.FE.ZS,3.01,3.06,3.18,3.29,3.15,3.15,3.19,3.08,3.28,3.15,3.17,3.16,3.2,3.17,3.1,2.98,2.92,2.87,3.06,3.09,3.08,3.02,3.08,3.07,3.03,2.96,2.88,2.81,2.79,
Guinea Ecuatorial,GNQ,"Desempleo, mujeres (% de la población activa femenina) (estimación modelado OIT)",SL.UEM.TOTL.FE.ZS,8.2,8.44,8.48,8.67,8.93,9.26,9.01,9.2,9.07,9.01,8.95,8.95,8.86,8.86,8.61,8.44,8.4,8.36,8.7,8.7,8.77,8.89,8.75,8.69,8.55,8.42,8.3,8.18,8.12,
Grecia,GRC,"Desempleo, mujeres (% de la población activa femenina) (estimación modelado OIT)",SL.UEM.TOTL.FE.ZS,13,13.05,13.79,13.83,13.94,15.67,15.06,16.81,18.33,17.17,16.02,15.44,14.55,16.06,15.51,13.81,12.94,11.53,13.3,16.35,21.54,28.24,31.38,30.2,28.89,28.14,26.12,24.29,21.55,
Guatemala,GTM,"Desempleo, mujeres (% de la población activa femenina) (estimación modelado OIT)",SL.UEM.TOTL.FE.ZS,3.26,3.44,3.43,3.45,3.5,3.39,3.47,3.52,3.5,3.4,3.38,3.51,3.42,3.38,3.42,3.56,3.63,3.46,3.55,3.84,3.76,3.45,3.66,3.38,3.54,3.47,3.52,3.47,3.42,
Guam,GUM,"Desempleo, mujeres (% de la población activa femenina) (estimación modelado OIT)",SL.UEM.TOTL.FE.ZS,3.4,3.69,5.5,7.65,7.88,8.09,9.38,7.24,13.01,14.05,11.68,9.57,8.63,7.76,7.78,7.58,9.97,10.36,9.9,9.39,16.01,11.51,10.88,6.92,6.21,4.67,4.76,4.86,4.97,
Guyana,GUY,"Desempleo, mujeres (% de la población activa femenina) (estimación modelado OIT)",SL.UEM.TOTL.FE.ZS,14.92,15.14,15.23,15.26,15.17,15.33,15.32,14.98,15.26,15.06,15.23,15.26,14.83,14.53,14.01,13.81,13.95,13.9,14.59,14.98,15.31,15.58,15.86,15.98,16.12,16.31,16.39,16.56,16.46,
Ingreso alto,HIC,"Desempleo, mujeres (% de la población activa femenina) (estimación modelado OIT)",SL.UEM.TOTL.FE.ZS,7.4183211,7.857298216,8.353502614,8.461381384,8.161581992,8.104046311,7.877719302,7.769333916,7.535672777,7.16264322,6.958178201,7.370316185,7.438262003,7.35496289,7.1346243,6.580567876,6.005532737,6.132661243,7.76268875,8.118447681,8.048676595,8.202400916,8.058806451,7.547692103,6.903524767,6.451081976,5.904599561,5.380014804,5.078863917,
"Hong Kong, Región Administrativa Especial",HKG,"Desempleo, mujeres (% de la población activa femenina) (estimación modelado OIT)",SL.UEM.TOTL.FE.ZS,1.59,1.89,1.94,1.7,2.94,2.39,2.07,4.02,5.08,4.01,3.86,5.9,6.18,5.55,4.41,3.72,3.37,2.98,4.33,3.51,2.79,2.76,2.97,3.01,3.19,3.08,2.77,2.63,2.35,
Honduras,HND,"Desempleo, mujeres (% de la población activa femenina) (estimación modelado OIT)",SL.UEM.TOTL.FE.ZS,5.39,2.94,3.19,3.16,3.39,4.42,3.32,4.35,3.79,4.12,4.08,4.79,6.55,8.3,6.45,4.43,4.34,3.87,4.3,5.44,6.38,5.17,7.54,9.38,8.96,9.03,8.02,7.24,7.13,
Países pobres muy endeudados (PPME),HPC,"Desempleo, mujeres (% de la población activa femenina) (estimación modelado OIT)",SL.UEM.TOTL.FE.ZS,4.676367882,4.695661321,4.787966472,4.753178062,4.803803223,4.840933758,4.820706401,4.897144167,5.093128781,5.085857207,5.05152418,5.128910573,5.232452735,5.162715947,5.027341882,4.902441202,4.762319627,4.689366506,5.084479022,5.405463109,5.351124602,5.244027044,5.12654312,4.991624051,5.020791887,4.910271039,4.7929351,4.713906959,4.668975959,
Croacia,HRV,"Desempleo, mujeres (% de la población activa femenina) (estimación modelado OIT)",SL.UEM.TOTL.FE.ZS,11.17,10.51,10.23,10.13,10.25,10.11,10.15,11.95,14.32,17.34,17.91,17.32,15.64,15.28,13.84,12.68,11.34,10.34,10.71,12.31,13.72,15.98,16.76,18.27,16.9,13.79,11.91,9.34,7.16,
Haití,HTI,"Desempleo, mujeres (% de la población activa femenina) (estimación modelado OIT)",SL.UEM.TOTL.FE.ZS,8.16,8.18,8.28,8.29,8.45,8.25,8.25,8.26,8.32,9.46,10.69,12.09,13.54,14.88,16.37,17.65,19.04,18.4,18.52,18.04,17.7,17.1,17.14,16.97,16.88,16.76,16.55,16.4,16.25,
Hungría,HUN,"Desempleo, mujeres (% de la población activa femenina) (estimación modelado OIT)",SL.UEM.TOTL.FE.ZS,9.02,8.72,10.38,9.36,8.69,9.03,7.86,8.09,6.21,5.79,4.87,5.08,5.38,5.86,7.43,7.91,7.74,8.01,9.74,10.66,10.98,10.61,10.14,7.91,7.04,5.11,4.57,3.99,3.5,
Sólo BIRF,IBD,"Desempleo, mujeres (% de la población activa femenina) (estimación modelado OIT)",SL.UEM.TOTL.FE.ZS,4.310371821,4.299211175,4.597757245,5.088094037,5.457536836,5.582657396,5.732960467,5.968388995,6.234863643,6.117504833,6.253320162,6.477986128,6.664022598,6.554630615,6.476554636,6.150734175,5.89361621,5.694145712,6.058280141,5.929425815,5.71968625,5.639436865,5.625025871,5.566069529,5.763601939,5.898983664,5.879480228,5.749769359,5.881937899,
BIRF y la AIF,IBT,"Desempleo, mujeres (% de la población activa femenina) (estimación modelado OIT)",SL.UEM.TOTL.FE.ZS,4.222392412,4.219671434,4.489473311,4.915899169,5.239516592,5.367294965,5.490052587,5.708459998,5.946868826,5.847397763,5.955439634,6.149927275,6.300847115,6.205251524,6.128883967,5.826439156,5.594732476,5.42068106,5.763364584,5.657353321,5.484100627,5.432219667,5.446030689,5.410397852,5.611464057,5.768594875,5.751719807,5.595110053,5.654743481,
total de la AIF,IDA,"Desempleo, mujeres (% de la población activa femenina) (estimación modelado OIT)",SL.UEM.TOTL.FE.ZS,3.778042996,3.821519398,3.954742461,4.073541068,4.182382213,4.337706257,4.347349331,4.502955021,4.628068652,4.62676828,4.629622725,4.708339305,4.724776037,4.707317886,4.657089456,4.48080231,4.374499808,4.330323788,4.613197559,4.626063251,4.612082367,4.67640329,4.803164415,4.863496766,5.089073601,5.329158706,5.332271657,5.09907,4.94002129,
mezcla de la AIF,IDB,"Desempleo, mujeres (% de la población activa femenina) (estimación modelado OIT)",SL.UEM.TOTL.FE.ZS,3.198417091,3.359887111,3.645483131,3.943333712,4.151407538,4.553377078,4.554337058,4.842591949,4.812272225,4.654289695,4.536430116,4.452528705,4.234451033,4.039239479,3.815472168,3.567319507,3.36284161,3.367483809,3.506320758,3.627288794,3.40033106,3.476861366,3.770952885,4.227918775,5.028128627,6.019736988,6.348773569,5.85993123,5.440973772,
Indonesia,IDN,"Desempleo, mujeres (% de la población activa femenina) (estimación modelado OIT)",SL.UEM.TOTL.FE.ZS,2.98,2.97,3.04,5.15,5.53,5.9,5.66,6.52,6.89,6.71,7.38,7.86,8.31,9.18,10.05,9.29,9.91,8.11,6.7,6.4,5.57,4.79,4.27,3.88,4.43,3.87,3.6,4.18,3.35,
Sólo AIF,IDX,"Desempleo, mujeres (% de la población activa femenina) (estimación modelado OIT)",SL.UEM.TOTL.FE.ZS,3.999770122,3.998623804,4.073957146,4.123965179,4.19414508,4.255017391,4.267188119,4.371383838,4.556800877,4.616088524,4.665570992,4.806732209,4.914278325,4.966855831,4.983963581,4.838903646,4.773394841,4.71135825,5.055615969,5.028678544,5.104128296,5.157426008,5.211229895,5.114396737,5.11316965,5.060114221,4.942568428,4.810551521,4.74992241,
India,IND,"Desempleo, mujeres (% de la población activa femenina) (estimación modelado OIT)",SL.UEM.TOTL.FE.ZS,5.09,5.36,5.44,5.59,5.64,5.63,5.47,5.56,5.74,5.48,5.51,5.51,5.72,5.71,5.73,5.6,5.52,5.17,5.67,5.82,5.66,5.6,5.63,5.63,5.6,5.54,5.4,5.3,5.21,
Irlanda,IRL,"Desempleo, mujeres (% de la población activa femenina) (estimación modelado OIT)",SL.UEM.TOTL.FE.ZS,16.59,15.31,15.84,14.71,12.07,11.79,10.16,7.34,5.62,4.27,3.55,3.75,4.01,3.83,4.01,4.21,4.93,5.7,9.51,11.41,12.5,12.75,12.42,10.88,8.91,7.6,6.29,5.69,4.69,
"Irán, República Islámica del",IRN,"Desempleo, mujeres (% de la población activa femenina) (estimación modelado OIT)",SL.UEM.TOTL.FE.ZS,24.45,21.57,19.09,16.71,14.95,13.41,14.38,15.71,17.02,18.65,19.89,21.84,18.98,16.18,18.23,16.16,15.94,16.83,16.98,20.67,20.58,20.62,19.75,19.76,19.49,20.76,19.87,18.96,18.12,
Iraq,IRQ,"Desempleo, mujeres (% de la población activa femenina) (estimación modelado OIT)",SL.UEM.TOTL.FE.ZS,7.42,7.76,7.83,7.66,7.65,7.75,7.85,7.87,7.9,7.57,7.55,7.58,7.93,7.89,7.6,7.55,7.44,8.36,9.4,10.43,11.4,12.49,16.9,22.04,22.13,22.34,31.02,30.75,30.59,
Islandia,ISL,"Desempleo, mujeres (% de la población activa femenina) (estimación modelado OIT)",SL.UEM.TOTL.FE.ZS,2.89,4.9,5.6,5.54,4.9,3.45,3.82,3.8,2.79,2.62,2.24,2.65,3.97,2.76,2.49,3.06,2.27,2.59,5.69,6.73,6.21,5.66,5.08,4.79,4.05,3.05,2.72,2.54,3.12,
Israel,ISR,"Desempleo, mujeres (% de la población activa femenina) (estimación modelado OIT)",SL.UEM.TOTL.FE.ZS,16.43,17.11,14.87,12.35,10.74,9.69,10.9,11.21,11.54,11.16,12.01,12.74,13.81,13.77,11.63,11.04,9.81,7.86,9.18,7.95,6.95,6.98,6.24,5.92,5.39,4.94,4.32,3.95,3.93,
Italia,ITA,"Desempleo, mujeres (% de la población activa femenina) (estimación modelado OIT)",SL.UEM.TOTL.FE.ZS,15.78,13.89,14.85,15.33,16.12,16.24,16.41,16.54,16.27,14.86,13.03,12.6,11.95,10.24,10.06,8.78,7.84,8.5,9.22,9.6,9.55,11.83,13.07,13.8,12.69,12.78,12.39,11.78,11.1,
Jamaica,JAM,"Desempleo, mujeres (% de la población activa femenina) (estimación modelado OIT)",SL.UEM.TOTL.FE.ZS,22.88,22.86,22.45,21.76,22.44,23.06,23.46,22.23,22.89,22.32,20.91,19.66,16.76,15.65,15.81,14.47,14.3,13.9,14.87,16.25,16.8,18.1,20.09,18.16,17.88,17.43,15.39,11.91,9.94,
Jordania,JOR,"Desempleo, mujeres (% de la población activa femenina) (estimación modelado OIT)",SL.UEM.TOTL.FE.ZS,29.37,30.81,30.07,30.45,30.07,24.33,23.63,22.64,21.88,21.22,20.56,22.08,20.89,23.64,26.1,25.27,25.85,24.68,24.39,21.84,21.29,20.04,22.17,20.61,22.66,24.18,24.06,23.9,23.81,
Japón,JPN,"Desempleo, mujeres (% de la población activa femenina) (estimación modelado OIT)",SL.UEM.TOTL.FE.ZS,2.22,2.26,2.62,3.02,3.26,3.34,3.4,3.98,4.52,4.46,4.7,5.16,4.94,4.4,4.17,3.87,3.78,3.82,4.81,4.63,4.14,3.96,3.66,3.43,3.11,2.81,2.64,2.18,2.23,
Kazajstán,KAZ,"Desempleo, mujeres (% de la población activa femenina) (estimación modelado OIT)",SL.UEM.TOTL.FE.ZS,1.09,1.24,1.31,8.49,12.33,14.6,14.67,14.74,15.19,14.52,12.04,11.2,10.4,9.84,9.63,9.33,8.76,7.97,7.55,6.64,6.21,6.49,5.87,5.68,5.49,5.5,5.44,5.37,5.32,
Kenya,KEN,"Desempleo, mujeres (% de la población activa femenina) (estimación modelado OIT)",SL.UEM.TOTL.FE.ZS,2.84,2.82,2.93,3,3.03,3.02,2.94,2.99,3.02,2.97,3.03,2.99,3.04,3.04,3.02,2.93,2.87,2.71,2.95,3.09,3.05,3.03,3.06,3.01,2.99,2.94,2.85,2.82,2.76,
Kirguistán,KGZ,"Desempleo, mujeres (% de la población activa femenina) (estimación modelado OIT)",SL.UEM.TOTL.FE.ZS,1.14,1.22,3.77,5.14,6.33,8.45,8.7,10.14,9.61,8.67,9,14.26,11.04,9.27,9.05,9.03,9.1,9.4,9.77,9.94,9.85,9.47,9.66,9.49,9.02,8.74,8.91,8.78,8.7,
Camboya,KHM,"Desempleo, mujeres (% de la población activa femenina) (estimación modelado OIT)",SL.UEM.TOTL.FE.ZS,1.28,1.31,1.36,1.4,1.4,1.4,1.42,1.45,1.56,1.54,1.53,1.56,1.58,1.53,1.49,1.33,1.19,0.83,0.56,0.79,0.48,0.51,0.52,0.7,0.46,0.85,0.18,0.17,0.16,
"Corea, República de",KOR,"Desempleo, mujeres (% de la población activa femenina) (estimación modelado OIT)",SL.UEM.TOTL.FE.ZS,1.99,2.13,2.25,1.93,1.69,1.58,2.3,5.66,5.09,3.57,3.29,2.76,3.3,3.4,3.35,2.98,2.63,2.61,2.96,3.29,3.11,2.97,2.81,3.5,3.48,3.54,3.48,3.69,3.58,
Kuwait,KWT,"Desempleo, mujeres (% de la población activa femenina) (estimación modelado OIT)",SL.UEM.TOTL.FE.ZS,2.31,2.18,2.3,2.06,1.91,1.76,1.65,1.7,1.63,1.77,1.9,2.51,2.99,3.84,3.32,2.87,3.05,3.68,3.35,2.86,3.37,3.95,4.49,5.23,4.69,5.62,5.86,5.83,6.14,
América Latina y el Caribe (excluido altos ingresos),LAC,"Desempleo, mujeres (% de la población activa femenina) (estimación modelado OIT)",SL.UEM.TOTL.FE.ZS,7.746007177,7.729480231,7.822291912,8.399980673,9.773740939,10.1262019,10.28872189,10.65528371,11.32211179,11.33924452,10.54797587,10.64843375,10.72503976,10.38206593,9.909137354,9.174486288,8.801538363,8.257762478,9.282216151,8.693005214,8.060336961,7.786697175,7.630294829,7.284139718,8.006820488,9.357165998,9.731812164,9.586803914,9.67558315,
República Democrática Popular Lao,LAO,"Desempleo, mujeres (% de la población activa femenina) (estimación modelado OIT)",SL.UEM.TOTL.FE.ZS,2.3,2.47,2.52,2.65,2.6,2.45,2.31,2.09,1.99,1.93,1.75,1.72,1.6,1.5,1.36,1.18,0.97,0.82,0.76,0.66,0.66,0.66,0.67,0.65,0.63,0.62,0.59,0.57,0.56,
Líbano,LBN,"Desempleo, mujeres (% de la población activa femenina) (estimación modelado OIT)",SL.UEM.TOTL.FE.ZS,10.66,10.15,10.32,10.38,10.35,10.28,10.36,10.14,9.96,9.86,9.81,9.77,9.63,9.56,9.74,9.88,10.18,10.36,10.52,10.54,10.41,10.47,10.48,10.37,10.27,10.18,10,9.86,9.77,
Liberia,LBR,"Desempleo, mujeres (% de la población activa femenina) (estimación modelado OIT)",SL.UEM.TOTL.FE.ZS,2.19,2.24,2.3,2.32,2.34,2.31,2.28,2.26,2.29,2.28,2.24,2.32,2.3,2.31,2.23,2.14,2.09,2.07,2.25,2.29,2.2,2.1,2.02,1.88,1.78,2.33,2.26,2.2,2.17,
Libia,LBY,"Desempleo, mujeres (% de la población activa femenina) (estimación modelado OIT)",SL.UEM.TOTL.FE.ZS,25.82,25.51,25.72,25.83,25.3,25.57,25.37,25.29,25.33,25.32,25.68,25.81,25.86,25.38,25.28,24.79,24.6,24.26,25.13,25.19,24.48,25.08,24.76,24.94,25.22,25.1,24.97,24.7,24.13,
Santa Lucía,LCA,"Desempleo, mujeres (% de la población activa femenina) (estimación modelado OIT)",SL.UEM.TOTL.FE.ZS,22.72,23.17,22.93,23.04,21.06,19.62,24.06,26.31,20.63,21.27,22.5,24.15,28.36,25.2,23.12,20.37,18.73,14.75,16.5,18.33,20.28,21.28,23.97,23.35,22.57,21.97,21.14,21.12,17.18,
América Latina y el Caribe,LCN,"Desempleo, mujeres (% de la población activa femenina) (estimación modelado OIT)",SL.UEM.TOTL.FE.ZS,7.851081357,7.718825671,7.737887821,8.473064987,9.806862019,10.33460513,10.44029048,10.74918548,11.58474964,11.50351822,10.78825121,11.09860305,11.2371356,10.79990325,10.07214648,9.281009496,8.826490928,8.293976126,9.266024226,8.670122601,8.06791695,7.789758568,7.68263943,7.356973842,8.005977528,9.229773982,9.570622177,9.455084214,9.543110613,
Países menos desarrollados: clasificación de las Naciones Unidas,LDC,"Desempleo, mujeres (% de la población activa femenina) (estimación modelado OIT)",SL.UEM.TOTL.FE.ZS,3.766403604,3.817503069,3.879068531,3.848571734,3.874707342,3.881983993,3.882139312,3.943745738,4.072759949,4.091849704,4.135077976,4.298830718,4.479966625,4.570450805,4.65717578,4.559325085,4.477126386,4.389620779,4.742515673,4.966510867,4.937777803,5.01410238,5.094757573,4.994036023,5.014666046,5.022375894,4.941713129,4.80203721,4.742175566,
Países de ingreso bajo,LIC,"Desempleo, mujeres (% de la población activa femenina) (estimación modelado OIT)",SL.UEM.TOTL.FE.ZS,3.777476238,3.800303677,3.870586185,3.981427984,4.124222159,4.207687824,4.268321569,4.420462357,4.595332964,4.670829266,4.758788019,4.807746573,4.84788741,4.698860306,4.541907585,4.507935457,4.521351705,4.543406364,4.892982384,5.118185217,5.025949557,5.076155902,4.977955999,4.915781129,4.938091472,4.865576526,4.754956295,4.644582968,4.606857417,
Sri Lanka,LKA,"Desempleo, mujeres (% de la población activa femenina) (estimación modelado OIT)",SL.UEM.TOTL.FE.ZS,22.91,22.04,21.93,20.46,19.13,17.9,16.54,13.57,13.38,11.47,11.42,13.01,12.86,12.91,11.89,9.9,9.13,8.2,8.74,7.5,7.01,6.18,6.49,6.34,7.45,6.84,6.32,6.96,6.87,
Países de ingreso mediano bajo,LMC,"Desempleo, mujeres (% de la población activa femenina) (estimación modelado OIT)",SL.UEM.TOTL.FE.ZS,4.563164221,4.599265658,4.784194649,5.14064484,5.381041986,5.48741239,5.485949835,5.732997409,5.910137624,5.821623679,5.937166405,5.968041473,6.047242588,6.096455477,6.182218802,5.859134493,5.757763161,5.376028475,5.572267389,5.603031304,5.403954032,5.318460035,5.361209435,5.36917473,5.644801284,5.734035507,5.687784325,5.461872293,5.281423546,
Ingreso mediano y bajo,LMY,"Desempleo, mujeres (% de la población activa femenina) (estimación modelado OIT)",SL.UEM.TOTL.FE.ZS,4.063957975,4.075061392,4.346398376,4.757191109,5.090938455,5.209934912,5.34994799,5.578949063,5.78214398,5.63621595,5.72461321,5.896535416,6.050883789,5.966199045,5.927561353,5.672230142,5.489082512,5.337873556,5.675714389,5.564585894,5.390528928,5.335823871,5.343854248,5.31861918,5.539360001,5.714357343,5.709263135,5.560002358,5.62454276,
Lesotho,LSO,"Desempleo, mujeres (% de la población activa femenina) (estimación modelado OIT)",SL.UEM.TOTL.FE.ZS,46,46.61,47.02,47.35,47.4,47.59,47.23,45.62,44.38,43.32,41.89,40.66,39.76,38.4,37.2,35.96,34.75,33.73,33.17,32.55,31.59,30.61,29.46,29.29,29.01,28.83,28.35,28.28,28.13,
avanzada del dividendo demográfico,LTE,"Desempleo, mujeres (% de la población activa femenina) (estimación modelado OIT)",SL.UEM.TOTL.FE.ZS,3.552191185,3.497087491,3.74597477,4.156151923,4.28276684,4.47497608,4.738293771,5.035854616,5.305570035,5.164007652,5.268987902,5.400611709,5.669835111,5.523169827,5.473420853,5.168011161,4.884930664,4.931170513,5.339634791,5.059239097,4.902837411,4.854625761,4.806298528,4.686903405,4.874320143,5.070111696,5.082581175,4.913692151,5.123703864,
Lituania,LTU,"Desempleo, mujeres (% de la población activa femenina) (estimación modelado OIT)",SL.UEM.TOTL.FE.ZS,0.43,0.43,12.71,12.86,17.35,16.23,13.94,11.86,12.06,13.6,14.09,12.78,13.2,11.07,8.54,5.61,4.33,5.63,10.53,14.52,12.91,11.58,10.48,9.22,8.16,6.65,5.67,5.41,5.5,
Luxemburgo,LUX,"Desempleo, mujeres (% de la población activa femenina) (estimación modelado OIT)",SL.UEM.TOTL.FE.ZS,2.12,2.78,3.13,4.29,4.39,4.66,3.65,4.17,3.34,3.14,2.17,3.64,4.71,7.09,5.83,6.27,4.72,6.03,6.13,5.1,6.26,5.91,6.39,5.77,7.35,6.63,5.5,5.88,5.53,
Letonia,LVA,"Desempleo, mujeres (% de la población activa femenina) (estimación modelado OIT)",SL.UEM.TOTL.FE.ZS,1.79,5.42,15.63,18.62,19.07,21.12,14.79,13.5,13.36,13.38,12.46,12.76,12.02,12.27,9.97,6.74,5.57,7.08,14.13,16.28,13.78,13.94,11.14,9.83,8.64,8.4,7.67,6.42,5.43,
"Región Administrativa Especial de Macao, China",MAC,"Desempleo, mujeres (% de la población activa femenina) (estimación modelado OIT)",SL.UEM.TOTL.FE.ZS,3.76,2.38,1.98,2.62,2.97,3.58,2.58,3.31,4.34,4.61,4.4,4.49,4.71,4.04,3.79,3.8,2.89,2.79,2.84,2.08,2.16,1.65,1.4,1.44,1.6,1.49,1.59,1.29,1.29,
Marruecos,MAR,"Desempleo, mujeres (% de la población activa femenina) (estimación modelado OIT)",SL.UEM.TOTL.FE.ZS,13.11,12.83,13.05,13.61,12.92,13.68,13.1,13.5,13.3,13.02,12.51,12.54,12.98,11.36,11.55,9.67,9.43,9.78,9.28,9.49,10.23,9.95,9.57,10.29,10.42,10.7,10.71,10.56,10.47,
República de Moldova,MDA,"Desempleo, mujeres (% de la población activa femenina) (estimación modelado OIT)",SL.UEM.TOTL.FE.ZS,0.98,2.36,2.48,4.05,3.76,6.03,6.07,7.91,8.96,7.21,5.91,5.55,6.37,6.33,5.97,5.8,3.88,3.37,4.89,5.73,5.59,4.29,4.14,3.06,2.92,2.88,3.34,3.13,4.35,
Madagascar,MDG,"Desempleo, mujeres (% de la población activa femenina) (estimación modelado OIT)",SL.UEM.TOTL.FE.ZS,5.58,5.75,5.84,5.87,5.87,5.87,5.86,5.88,5.91,5.88,5.4,5.72,6.24,4.8,3.51,3.76,4.01,4.34,4.89,5.33,2.35,0.63,0.97,1.37,1.8,1.79,1.75,1.71,1.7,
Maldivas,MDV,"Desempleo, mujeres (% de la población activa femenina) (estimación modelado OIT)",SL.UEM.TOTL.FE.ZS,1.34,1.33,1.33,1.33,1.31,1.59,1.88,2.17,2.44,2.73,3.63,4.74,6.13,7.11,8.05,9.83,10.77,12.16,14.08,12.46,10.65,8.9,7.48,6.04,5.78,5.52,5.41,5.31,5.22,
Oriente Medio y Norte de África,MEA,"Desempleo, mujeres (% de la población activa femenina) (estimación modelado OIT)",SL.UEM.TOTL.FE.ZS,16.52692594,15.34748574,16.29181824,16.57719148,16.58344484,14.88440608,15.15942187,15.47669721,15.59811182,17.10090352,17.31587981,18.23493726,17.65463891,16.95672218,17.29258968,16.20462354,15.21517023,15.23765523,16.40683995,17.03151858,17.34045109,17.81913987,17.67009813,17.85157067,18.15097611,18.34619786,18.5316342,17.85185813,17.67899358,
México,MEX,"Desempleo, mujeres (% de la población activa femenina) (estimación modelado OIT)",SL.UEM.TOTL.FE.ZS,4.37,4.18,4.01,5.01,8.87,7.1,6.38,5.11,3.68,3.38,3.39,3.83,4.47,5.27,3.91,3.89,4,4.04,5.35,5.18,5.13,4.88,4.96,4.85,4.45,3.91,3.6,3.43,3.52,
 Ingreso mediano,MIC,"Desempleo, mujeres (% de la población activa femenina) (estimación modelado OIT)",SL.UEM.TOTL.FE.ZS,4.085829629,4.0961592,4.383242088,4.817516113,5.167088003,5.289488316,5.436553946,5.672659792,5.87919893,5.716063493,5.805635093,5.989037795,6.154250942,6.076309833,6.0494833,5.776227462,5.576646607,5.411222336,5.749126512,5.607358139,5.426111775,5.361616494,5.380904326,5.360225338,5.602728317,5.805857618,5.814395312,5.663234226,5.741760001,
Macedonia del Norte,MKD,"Desempleo, mujeres (% de la población activa femenina) (estimación modelado OIT)",SL.UEM.TOTL.FE.ZS,39.71,39.85,40.1,40.57,40.63,40.78,40.77,37.64,33.26,34.9,32.06,32.3,36.28,37.81,38.44,37.2,35.54,34.16,32.82,32.24,30.79,30.33,29.02,28.62,25.06,22.73,21.82,19.87,18.39,
Malí,MLI,"Desempleo, mujeres (% de la población activa femenina) (estimación modelado OIT)",SL.UEM.TOTL.FE.ZS,3.2,3.21,3.34,3.36,3.35,3.34,3.3,4.04,4.93,5.82,7.03,8.04,9.56,10.85,11.77,12.35,12.97,12.17,11.8,10.89,9.25,8.82,8.53,6.29,8.79,8.64,8.4,8.25,8.2,
Malta,MLT,"Desempleo, mujeres (% de la población activa femenina) (estimación modelado OIT)",SL.UEM.TOTL.FE.ZS,6.32,6.07,6.05,6.16,6.35,6.26,6.18,6.23,6.29,6.53,8.07,8.3,9.9,8.26,8.37,8.32,7.89,6.78,7.63,7.13,7.13,7.21,6.14,5.1,5.39,5.16,4.25,3.5,3.61,
Myanmar,MMR,"Desempleo, mujeres (% de la población activa femenina) (estimación modelado OIT)",SL.UEM.TOTL.FE.ZS,0.75,0.86,0.87,0.89,0.89,0.88,0.88,0.88,0.92,0.93,0.93,0.94,0.95,0.94,0.92,0.87,0.84,0.79,0.85,0.88,0.9,0.92,0.94,0.92,0.9,1.4,2.04,1.05,0.59,
Oriente Medio y Norte de África (excluido altos ingresos),MNA,"Desempleo, mujeres (% de la población activa femenina) (estimación modelado OIT)",SL.UEM.TOTL.FE.ZS,17.75378968,16.07259459,17.34000734,17.85720958,18.2089318,16.29437805,16.51703409,16.86017513,16.96375843,18.69488126,18.8664091,19.77070521,18.90919334,18.01186718,18.52567419,17.31018219,16.27378533,16.58585255,17.81005119,18.69657356,19.08439402,19.59043387,19.53600758,19.82057496,20.27992428,20.54300997,20.8752884,20.06596292,19.78212357,
Montenegro,MNE,"Desempleo, mujeres (% de la población activa femenina) (estimación modelado OIT)",SL.UEM.TOTL.FE.ZS,34.56,34.74,35.08,35.61,35.97,36.05,35.89,35.83,35.51,35.81,35.7,35.82,35.82,35.76,35.54,27.7,20.97,18.33,20.43,20.74,20.14,20.25,18.82,18.22,17.31,17.08,16.95,15.1,15.69,
Mongolia,MNG,"Desempleo, mujeres (% de la población activa femenina) (estimación modelado OIT)",SL.UEM.TOTL.FE.ZS,5.74,5.81,6.05,6.14,6.16,6.12,6.12,6.12,6.16,6.1,6.16,6.2,6.42,6.67,6.89,7.01,7.15,5.17,6.18,5.89,4.42,3.52,4.47,4.4,4.25,5.87,5.64,4.81,4.75,
Mozambique,MOZ,"Desempleo, mujeres (% de la población activa femenina) (estimación modelado OIT)",SL.UEM.TOTL.FE.ZS,1.57,1.6,1.69,1.66,1.67,1.65,1.56,1.7,1.85,1.95,2.06,2.15,2.24,2.29,2.34,2.38,2.4,2.48,2.81,2.98,3.14,3.34,3.52,3.64,3.67,3.58,3.5,3.45,3.5,
Mauritania,MRT,"Desempleo, mujeres (% de la población activa femenina) (estimación modelado OIT)",SL.UEM.TOTL.FE.ZS,11.79,11.9,12.1,12.26,12.32,12.17,11.84,12.02,12.26,12.01,12.1,12.04,12.34,12.5,12.66,12.45,11.83,11.82,12.07,12.37,12.41,12.63,12.56,12.34,11.91,11.79,11.59,11.51,11.52,
Mauricio,MUS,"Desempleo, mujeres (% de la población activa femenina) (estimación modelado OIT)",SL.UEM.TOTL.FE.ZS,13.4,13.65,13.68,13.66,13.63,13.38,13.08,12.79,12.26,12.35,11.54,11.58,12.74,13.36,16.32,15.49,14.38,12.62,12.3,12.94,11.72,11.72,11.16,10.84,10.7,10.42,10.05,9.53,9.42,
Malawi,MWI,"Desempleo, mujeres (% de la población activa femenina) (estimación modelado OIT)",SL.UEM.TOTL.FE.ZS,6.71,6.73,6.96,6.9,7.03,6.88,6.88,6.89,6.97,6.91,6.9,7.01,7.02,6.96,6.9,6.8,6.7,6.63,6.93,6.96,6.88,6.91,6.98,6.87,6.81,6.75,6.68,6.54,6.48,
Malasia,MYS,"Desempleo, mujeres (% de la población activa femenina) (estimación modelado OIT)",SL.UEM.TOTL.FE.ZS,4.29,4.34,4.88,4.31,3.76,2.6,2.83,3.31,3.3,3.06,3.79,3.78,3.64,3.81,3.71,3.39,3.45,3.67,3.79,3.43,3.31,3.16,3.44,3.22,3.39,3.93,3.85,3.63,3.64,
América del Norte,NAC,"Desempleo, mujeres (% de la población activa femenina) (estimación modelado OIT)",SL.UEM.TOTL.FE.ZS,6.702112135,7.322577405,6.982833819,6.419875938,6.008759318,5.844637758,5.455529752,4.952267925,4.632261543,4.358100321,4.872589931,5.765813714,5.817812721,5.553759676,5.243515326,4.784880399,4.623568095,5.444723124,7.946410427,8.458794033,8.300044007,7.771348655,7.017259091,6.096885557,5.303913578,4.951996993,4.482378559,4.025156875,3.794631701,
Namibia,NAM,"Desempleo, mujeres (% de la población activa femenina) (estimación modelado OIT)",SL.UEM.TOTL.FE.ZS,18.61,19.72,20.02,21.11,22.73,24.27,25.86,24.43,23.12,21.65,22.39,23.5,24.18,25.11,24.7,24.25,23.84,23.6,23.79,24.02,21.39,19,20.7,20.37,22.82,25.01,21.53,18.59,18.53,
Nueva Caledonia,NCL,"Desempleo, mujeres (% de la población activa femenina) (estimación modelado OIT)",SL.UEM.TOTL.FE.ZS,21.84,21.65,21.24,21.48,21.94,22.1,21.52,21.13,20.5,20.49,20.19,19.8,19.53,19.38,18.88,18.61,18.36,17.57,16.28,16.32,16.4,15.94,15.58,15.6,15.93,16.12,16.31,16.51,16.71,
Níger,NER,"Desempleo, mujeres (% de la población activa femenina) (estimación modelado OIT)",SL.UEM.TOTL.FE.ZS,0.92,0.92,0.99,0.99,0.97,1,0.97,1,0.98,0.99,1,1.34,1.75,2.17,2.71,2.01,1.47,1.06,0.76,0.5,0.22,3.16,1.41,0.43,0.42,0.4,0.39,0.38,0.37,
Nigeria,NGA,"Desempleo, mujeres (% de la población activa femenina) (estimación modelado OIT)",SL.UEM.TOTL.FE.ZS,3.4,3.49,3.54,3.54,3.57,3.61,3.6,3.61,3.62,3.66,3.68,3.85,3.77,3.76,3.67,3.59,3.55,3.51,3.71,3.78,3.69,3.51,3.36,5.4,5.11,8.11,9.27,8.36,7.45,
Nicaragua,NIC,"Desempleo, mujeres (% de la población activa femenina) (estimación modelado OIT)",SL.UEM.TOTL.FE.ZS,7.43,7.51,7.62,7.87,7.92,7.96,7.9,7.89,8.11,7.93,7.84,7.8,7.85,7.97,5.78,4.97,5.04,6.96,8.87,8.72,7.22,5.8,5.47,5.62,5.44,4.27,3.49,5.26,5.16,
Países Bajos,NLD,"Desempleo, mujeres (% de la población activa femenina) (estimación modelado OIT)",SL.UEM.TOTL.FE.ZS,9.93,7.81,7.7,8.06,8.67,8.12,7.15,5.81,4.86,3.46,2.52,2.89,3.8,5.04,6.92,6.16,5.21,4.48,4.92,5.55,5.42,6.23,7.3,7.75,7.28,6.51,5.26,3.96,3.36,
Noruega,NOR,"Desempleo, mujeres (% de la población activa femenina) (estimación modelado OIT)",SL.UEM.TOTL.FE.ZS,4.99,5.08,5.17,4.71,6.33,5.34,5.03,4.02,3.23,3.28,3.61,4.09,3.96,3.92,4.19,3.34,2.42,2.36,2.6,2.94,2.99,2.63,3.23,3.24,4,3.91,3.69,3.54,3.39,
Nepal,NPL,"Desempleo, mujeres (% de la población activa femenina) (estimación modelado OIT)",SL.UEM.TOTL.FE.ZS,1.53,1.54,1.62,1.64,1.6,1.65,1.63,1.63,1.66,1.59,1.52,1.48,1.48,1.39,1.31,1.21,1.13,1.07,1.37,1.65,1.87,2.14,2.4,2.66,2.88,2.84,2.86,2.75,2.73,
Nueva Zelandia,NZL,"Desempleo, mujeres (% de la población activa femenina) (estimación modelado OIT)",SL.UEM.TOTL.FE.ZS,9.77,9.73,8.96,7.81,6.49,6.25,6.86,7.61,6.69,5.98,5.38,5.47,5.11,4.52,4.15,4.2,3.97,4.26,6.14,6.93,6.76,7.39,6.38,6.08,5.86,5.46,5.21,4.47,4.38,
Miembros OCDE,OED,"Desempleo, mujeres (% de la población activa femenina) (estimación modelado OIT)",SL.UEM.TOTL.FE.ZS,7.556882688,7.954712992,8.390169767,8.545997767,8.403293567,8.327710514,8.136216264,8.014626024,7.890382247,7.535100555,7.173967156,7.621168716,7.688692683,7.660258917,7.310337079,6.735587679,6.201223808,6.355586563,8.028462517,8.284193919,8.154249169,8.218314379,8.086747491,7.62965087,7.039791893,6.644911105,6.170261472,5.706965848,5.582096355,
Omán,OMN,"Desempleo, mujeres (% de la población activa femenina) (estimación modelado OIT)",SL.UEM.TOTL.FE.ZS,6.95,6.91,6.97,6.95,7.03,7.21,7.25,7.3,7.06,7.1,7.29,7.06,6.82,6.94,7.23,7.47,7.79,7.95,8.41,8.78,9.23,10.08,11.02,11.58,12.33,13.3,10.11,7.19,7.37,
Otros Estados pequeos,OSS,"Desempleo, mujeres (% de la población activa femenina) (estimación modelado OIT)",SL.UEM.TOTL.FE.ZS,14.81486626,15.45770155,16.20250806,16.68205874,17.04325101,17.36333981,17.5811764,17.25275252,16.92532715,16.5144652,16.80293712,16.37491456,16.68323001,16.2313669,15.83355832,14.98598015,14.29920094,13.97169999,14.62043232,15.06257196,14.55526955,14.1326128,14.27035368,13.93157913,13.88625005,13.88202298,13.26874738,12.69070094,12.55332464,
Pakistán,PAK,"Desempleo, mujeres (% de la población activa femenina) (estimación modelado OIT)",SL.UEM.TOTL.FE.ZS,0.3,0.34,0.29,0.32,0.32,0.34,0.29,0.31,0.32,0.32,0.29,0.31,0.33,0.36,0.37,0.32,0.24,0.53,0.36,0.64,0.67,1.72,3.43,2.01,6.18,5.77,5.2,4.56,4.32,
Panamá,PAN,"Desempleo, mujeres (% de la población activa femenina) (estimación modelado OIT)",SL.UEM.TOTL.FE.ZS,4.97,5.05,5.13,5.09,5.06,5.2,5.17,5.21,5.15,5.08,4.95,5.01,5.08,5.12,5.02,4.95,4.98,4.92,4.91,5.1,2.7,3.06,3.08,3.52,3.93,3.94,5.12,4.99,5.82,
Perú,PER,"Desempleo, mujeres (% de la población activa femenina) (estimación modelado OIT)",SL.UEM.TOTL.FE.ZS,5.54,5.56,5.83,6.07,5.95,5.83,5.92,5.77,5.84,5.84,5.76,5.92,4.64,5.37,4.87,4.75,4.37,4.34,3.82,3.73,3.51,3.36,3.51,2.98,2.93,3.49,3.45,3.38,3.28,
Filipinas,PHL,"Desempleo, mujeres (% de la población activa femenina) (estimación modelado OIT)",SL.UEM.TOTL.FE.ZS,3.79,3.87,4.03,4.12,4.12,4.16,4.14,3.94,4.05,4.06,4.02,3.95,3.84,3.89,4.2,4.33,3.72,4.01,4.13,3.79,3.83,3.73,3.82,3.72,3.22,2.76,2.7,2.68,2.53,
Papua Nueva Guinea,PNG,"Desempleo, mujeres (% de la población activa femenina) (estimación modelado OIT)",SL.UEM.TOTL.FE.ZS,1.99,2.08,2.19,2.11,2.01,2.09,1.97,2.06,2.06,2,1.92,1.88,1.82,1.68,1.59,1.43,1.35,1.2,1.3,1.28,1.45,1.48,1.48,1.52,1.47,1.4,1.34,1.27,1.29,
Polonia,POL,"Desempleo, mujeres (% de la población activa femenina) (estimación modelado OIT)",SL.UEM.TOTL.FE.ZS,15.16,15.14,16.11,16.46,15.16,14.35,13.01,11.82,13.17,18.33,20.03,20.68,19.93,19.77,19.14,14.92,10.34,7.96,8.66,10.02,10.4,10.91,11.11,9.59,7.71,6.23,4.91,3.85,3.6,
previa al dividendo demográfico,PRE,"Desempleo, mujeres (% de la población activa femenina) (estimación modelado OIT)",SL.UEM.TOTL.FE.ZS,4.553884042,4.600448733,4.640770422,4.587624561,4.570774863,4.542242221,4.469851791,4.469961833,4.513040203,4.538536459,4.598011595,4.758292365,4.884722595,4.862691262,4.821617277,4.742975885,4.595549405,4.514694619,4.89729479,5.543293935,5.358599102,5.285032419,5.190714181,5.493098399,5.461613509,5.958774707,6.148096394,5.915584469,5.711130703,
Puerto Rico,PRI,"Desempleo, mujeres (% de la población activa femenina) (estimación modelado OIT)",SL.UEM.TOTL.FE.ZS,12.97,13.27,13.18,11.17,10.69,11.58,12.15,11.98,9.44,7.4,9.21,10.31,10.65,8.61,10.09,10.55,9.53,9.65,12.41,12.55,12.62,12.06,11.9,11.52,9.65,9.46,8.45,6.86,6.02,
"Corea, República Popular Democrática de",PRK,"Desempleo, mujeres (% de la población activa femenina) (estimación modelado OIT)",SL.UEM.TOTL.FE.ZS,2.4,2.45,2.55,2.56,2.54,2.55,2.53,2.57,2.57,2.5,2.53,2.53,2.55,2.51,2.46,2.34,2.29,2.27,2.42,2.49,2.48,2.49,2.49,2.45,2.41,2.39,2.28,2.26,2.23,
Portugal,PRT,"Desempleo, mujeres (% de la población activa femenina) (estimación modelado OIT)",SL.UEM.TOTL.FE.ZS,5.64,4.78,6.28,7.79,7.79,8.45,7.5,5.7,5.07,4.74,4.95,5.31,7.26,7.18,8.64,8.91,9.5,8.75,10.09,11.86,13.04,15.5,16.37,14.33,12.75,11.17,9.35,7.44,7.15,
Paraguay,PRY,"Desempleo, mujeres (% de la población activa femenina) (estimación modelado OIT)",SL.UEM.TOTL.FE.ZS,11.45,11.5,11.82,11.95,11.99,11.82,11.92,11.75,11.78,11.69,11.73,11.85,8.36,8.4,6.28,6.69,6.69,5.99,6.67,6.07,6.42,5.47,4.98,6.83,4.95,6.75,5.44,6.8,8.34,
Ribera Occidental y Gaza,PSE,"Desempleo, mujeres (% de la población activa femenina) (estimación modelado OIT)",SL.UEM.TOTL.FE.ZS,7.87,8.37,8.26,8.39,8.25,8.16,8.37,8.39,8.32,8.03,10.07,12.83,15.18,14.84,16.67,13,14.43,19.54,20.11,21.56,22.44,26.03,27.42,26.16,34.3,37.93,42.77,41.85,41.14,
Estados pequeos de las Islas del Pacfico,PSS,"Desempleo, mujeres (% de la población activa femenina) (estimación modelado OIT)",SL.UEM.TOTL.FE.ZS,3.509929971,3.681445684,3.724597489,3.85001189,3.848395998,3.894520467,3.829271775,3.935053238,4.060580843,3.915887791,3.976938647,4.059841879,4.121606461,4.008659617,3.811635126,3.62507352,3.482612176,3.484641653,3.59165907,3.116780562,2.985179852,3.061765389,3.06397983,3.054057142,3.053468257,3.036991538,2.980770857,2.890561372,2.823031155,
posterior al dividendo demográfico,PST,"Desempleo, mujeres (% de la población activa femenina) (estimación modelado OIT)",SL.UEM.TOTL.FE.ZS,6.849902116,7.30148327,7.798764052,7.929794413,7.979683063,8.111502622,7.925437004,7.938915831,7.632105882,7.045675552,6.698527783,7.013835006,7.003231853,6.87945376,6.616610855,6.212211846,5.756136806,5.941848866,7.540034806,7.90978147,7.85340804,7.982513684,7.845741063,7.425544842,6.831282932,6.383047769,5.855150106,5.308611855,5.006406172,
Polinesia Francesa,PYF,"Desempleo, mujeres (% de la población activa femenina) (estimación modelado OIT)",SL.UEM.TOTL.FE.ZS,12.93,12.86,12.51,12.58,12.71,12.8,12.98,13.33,13.45,13.44,13.43,13.36,13.19,13.09,12.89,12.82,12.8,12.86,12.2,12.06,12.23,12.3,12.48,12.72,12.97,13.17,13.44,13.7,13.91,
Qatar,QAT,"Desempleo, mujeres (% de la población activa femenina) (estimación modelado OIT)",SL.UEM.TOTL.FE.ZS,2.53,2.45,2.22,2.17,2.18,2.23,2.43,2.52,2.45,2.55,2.57,2.59,2.63,2.86,3.12,3.42,2.48,1.57,1.71,2.77,3.4,2.88,1.6,1.05,0.87,0.72,0.64,0.48,0.42,
Rumania,ROU,"Desempleo, mujeres (% de la población activa femenina) (estimación modelado OIT)",SL.UEM.TOTL.FE.ZS,7.68,7.85,8.42,8.74,8.59,7.32,5.89,5.47,5.53,6.37,6,7.59,6.38,6.15,6.43,6.11,5.41,4.67,5.84,6.18,6.47,6.08,6.31,6.1,5.85,4.98,4.04,3.49,3.38,
Federación de Rusia,RUS,"Desempleo, mujeres (% de la población activa femenina) (estimación modelado OIT)",SL.UEM.TOTL.FE.ZS,5.22,5.17,5.82,7.95,9.2,9.3,11.46,12.96,12.9,10.37,8.6,7.6,7.95,7.52,6.93,6.69,5.64,5.94,7.67,6.84,6.09,5.07,5.14,4.82,5.31,5.35,5.05,4.78,4.42,
Rwanda,RWA,"Desempleo, mujeres (% de la población activa femenina) (estimación modelado OIT)",SL.UEM.TOTL.FE.ZS,0.15,0.19,0.23,0.27,0.35,0.34,0.38,0.42,0.5,0.54,0.59,0.67,0.7,0.74,0.76,0.74,0.75,0.78,0.94,1.03,1.08,1.15,1.22,1.25,1.21,1.17,1.11,1.06,1.02,
Asia meridional,SAS,"Desempleo, mujeres (% de la población activa femenina) (estimación modelado OIT)",SL.UEM.TOTL.FE.ZS,4.992412688,5.158006979,5.212476256,5.30172581,5.318780103,5.25730204,5.090393619,5.140680307,5.279367071,5.039428743,5.091609644,5.165891785,5.367367826,5.438506525,5.519250318,5.299930551,5.214514722,4.936424718,5.364327114,5.150468496,5.106319902,5.245839647,5.583310853,5.445288191,5.875107918,5.777521845,5.555493879,5.420858469,5.321565309,
Arabia Saudita,SAU,"Desempleo, mujeres (% de la población activa femenina) (estimación modelado OIT)",SL.UEM.TOTL.FE.ZS,4.96,4.95,5.36,5.7,6.32,6.79,7.35,8,8.18,9.37,9.19,11.64,12.65,13.51,14.23,14.78,14.35,13.96,16.23,17.52,19.09,21.01,20.84,21.72,21.66,21.17,20.33,22.49,22.97,
Sudán,SDN,"Desempleo, mujeres (% de la población activa femenina) (estimación modelado OIT)",SL.UEM.TOTL.FE.ZS,20.31,20.37,20.42,20.47,20.54,20.34,20.32,20.4,20.32,20.41,20.45,20.35,20.38,20.27,20.17,19.94,19.73,19.59,22.97,26.77,30.3,29.78,30.42,30.27,30,29.83,29.47,29.05,28.82,
Senegal,SEN,"Desempleo, mujeres (% de la población activa femenina) (estimación modelado OIT)",SL.UEM.TOTL.FE.ZS,7.72,7.76,7.88,7.91,7.96,7.85,7.89,7.88,7.86,7.81,7.83,7.8,9.33,10.7,12.27,13.76,13.62,13.45,13.86,13.96,13.9,12.07,10.27,8.74,7.3,7.25,7.18,7.09,7.02,
Singapur,SGP,"Desempleo, mujeres (% de la población activa femenina) (estimación modelado OIT)",SL.UEM.TOTL.FE.ZS,2.19,3.18,3.4,3.44,3.45,3.87,2.61,3.7,5.2,3.46,3.89,5.78,6.2,6.21,6.13,4.96,4.33,4.42,6.55,4.42,4.33,4.23,4.41,4.11,3.98,4.49,4.44,3.79,3.16,
Islas Salomón,SLB,"Desempleo, mujeres (% de la población activa femenina) (estimación modelado OIT)",SL.UEM.TOTL.FE.ZS,1.73,1.82,1.84,1.89,1.9,1.84,1.82,1.84,1.85,1.74,1.77,1.83,1.92,1.9,1.9,1.76,1.7,1.68,1.77,1.64,1.34,0.98,0.72,0.69,0.69,0.68,0.66,0.64,0.62,
Sierra Leona,SLE,"Desempleo, mujeres (% de la población activa femenina) (estimación modelado OIT)",SL.UEM.TOTL.FE.ZS,2.2,2.27,2.31,2.32,2.3,2.33,2.32,2.32,2.32,2.34,2.31,2.32,2.31,2.28,2.39,2.45,2.51,2.62,2.97,3.27,3.48,3.61,3.68,3.83,3.83,3.84,3.72,3.63,3.58,
El Salvador,SLV,"Desempleo, mujeres (% de la población activa femenina) (estimación modelado OIT)",SL.UEM.TOTL.FE.ZS,6.43,7.08,6.82,6.42,5.87,6.47,5.32,5.78,4.44,3.74,5.22,3.21,3.2,3.43,4.79,3.88,3.71,3.62,4.92,4.16,3.41,3.3,3.33,3.14,3.47,3.85,4.01,3.75,3.7,
Somalia,SOM,"Desempleo, mujeres (% de la población activa femenina) (estimación modelado OIT)",SL.UEM.TOTL.FE.ZS,13.55,13.63,14.01,13.83,14.18,13.93,13.83,13.95,13.96,13.91,13.89,13.96,13.97,13.88,13.77,13.53,13.36,13.28,13.73,13.83,13.82,13.84,13.87,13.78,13.69,13.56,13.4,13.27,13.18,
Serbia,SRB,"Desempleo, mujeres (% de la población activa femenina) (estimación modelado OIT)",SL.UEM.TOTL.FE.ZS,15.56,15.44,15.57,16.08,16.14,15.65,16.01,16.15,16.27,14.97,15.02,15.73,16.34,22.96,26.23,24.71,21.01,16,17.87,20.22,23.69,24.97,23.83,20.37,18.76,16.1,14.27,13.7,11.08,
África al sur del Sahara (excluido altos ingresos),SSA,"Desempleo, mujeres (% de la población activa femenina) (estimación modelado OIT)",SL.UEM.TOTL.FE.ZS,6.187707607,6.258840274,6.385941612,6.399049317,6.464589695,6.535195503,6.538419318,6.575475215,6.723609882,6.701777488,6.715365988,7.059614569,6.976169121,6.708099544,6.611250187,6.45798066,6.156790734,5.664363799,5.922997014,6.464081343,6.324879592,6.243317254,6.121965631,6.309611895,6.316334046,6.706673763,6.785051039,6.546393172,6.437824246,
Sudán del Sur,SSD,"Desempleo, mujeres (% de la población activa femenina) (estimación modelado OIT)",SL.UEM.TOTL.FE.ZS,13.58,13.64,13.82,13.89,13.89,13.85,13.86,13.86,13.9,13.89,13.85,13.89,13.91,13.82,13.71,13.5,13.3,13.21,13.62,13.74,13.68,13.82,13.97,13.72,13.71,13.7,13.49,13.31,13.16,
África al sur del Sahara,SSF,"Desempleo, mujeres (% de la población activa femenina) (estimación modelado OIT)",SL.UEM.TOTL.FE.ZS,6.187707607,6.258840274,6.385941612,6.399049317,6.464589695,6.535195503,6.538419318,6.575475215,6.723609882,6.701777488,6.715365988,7.059614569,6.976169121,6.708099544,6.611250187,6.45798066,6.156790734,5.664363799,5.922997014,6.464081343,6.324879592,6.243317254,6.121965631,6.309611895,6.316334046,6.706673763,6.785051039,6.546393172,6.437824246,
Pequeños Estados,SST,"Desempleo, mujeres (% de la población activa femenina) (estimación modelado OIT)",SL.UEM.TOTL.FE.ZS,15.14486177,15.63874352,16.05536127,16.23918972,16.37152196,16.65700345,16.82521749,16.41312267,16.20986616,15.77257652,15.77608609,15.37201893,15.33001137,14.79851025,14.50240892,13.65956522,13.13637917,12.83506382,13.50964411,13.94918759,13.6746322,13.50378951,13.79326514,13.36596311,13.25080555,13.2509352,12.55237199,11.78055319,11.47423214,
Santo Tomé y Príncipe,STP,"Desempleo, mujeres (% de la población activa femenina) (estimación modelado OIT)",SL.UEM.TOTL.FE.ZS,17.53,17.59,17.78,17.91,17.89,17.86,17.81,17.91,17.96,17.8,25.8,26.3,26.13,24.32,25.68,25.66,24.41,24.14,23.45,23.3,22.3,21.44,21.47,21.43,21.29,21.15,20.95,20.66,20.51,
Suriname,SUR,"Desempleo, mujeres (% de la población activa femenina) (estimación modelado OIT)",SL.UEM.TOTL.FE.ZS,22.89,23.64,23.21,15.14,11.01,16.89,16.34,17.24,20.62,19.58,18.68,17.75,16.8,15.73,15.45,15.13,14.81,14.6,14.87,12.85,12.73,12.71,11.21,12.19,11.65,11.56,11.54,11.41,11.33,
República Eslovaca,SVK,"Desempleo, mujeres (% de la población activa femenina) (estimación modelado OIT)",SL.UEM.TOTL.FE.ZS,11.79,11.49,11.82,14.1,13.79,12.68,12.84,12.54,15.91,18.61,18.55,18.78,17.28,19.63,17.23,14.74,12.68,10.93,12.83,14.6,13.63,14.52,14.53,13.63,12.89,10.75,8.41,7.03,5.96,
Eslovenia,SVN,"Desempleo, mujeres (% de la población activa femenina) (estimación modelado OIT)",SL.UEM.TOTL.FE.ZS,5.94,5.95,6.41,6.95,6.84,6.65,6.95,7.47,7.47,7.06,6.02,6.27,7.02,6.4,7.03,7.19,5.83,4.82,5.8,7.02,8.17,9.37,10.91,10.55,10.04,8.59,7.48,5.7,4.95,
Suecia,SWE,"Desempleo, mujeres (% de la población activa femenina) (estimación modelado OIT)",SL.UEM.TOTL.FE.ZS,2.95,4.61,7.64,8.14,7.86,8.58,9.69,8.04,6.86,5,4.4,4.62,5.01,6.18,7.37,7.26,6.47,6.57,8.01,8.52,7.76,7.71,7.89,7.69,7.29,6.59,6.44,6.24,6.96,
Eswatini,SWZ,"Desempleo, mujeres (% de la población activa femenina) (estimación modelado OIT)",SL.UEM.TOTL.FE.ZS,22.71,22.91,23.06,23.07,23.18,24.46,25.74,26.47,27.08,27.51,28.06,29.01,29.6,30.13,30.75,31.08,31.32,30.11,30.01,29.46,28.54,27.98,27.15,26.08,25.35,24.46,24.32,24.17,23.97,
República Árabe Siria,SYR,"Desempleo, mujeres (% de la población activa femenina) (estimación modelado OIT)",SL.UEM.TOTL.FE.ZS,13.53,10,6.45,11.66,13.8,14.21,14.56,15.35,15.05,19.62,25.56,23.38,20.91,22.14,22.92,23.44,25.64,24.16,22.13,21.92,21.57,21.38,21.24,20.98,20.87,20.73,20.54,20.41,20.37,
Chad,TCD,"Desempleo, mujeres (% de la población activa femenina) (estimación modelado OIT)",SL.UEM.TOTL.FE.ZS,0.27,0.27,0.29,0.35,0.37,0.42,0.46,0.49,0.56,0.63,0.7,0.8,0.86,0.84,0.82,0.89,0.93,0.97,1.21,1.33,1.37,1.52,1.58,1.65,1.69,1.71,1.77,1.79,1.85,
Asia oriental y el Pacífico (BIRF y la AIF),TEA,"Desempleo, mujeres (% de la población activa femenina) (estimación modelado OIT)",SL.UEM.TOTL.FE.ZS,2.204128048,2.146771663,2.378113616,2.676490215,2.764947603,2.840973912,2.918102336,3.072320778,3.173660815,3.127290048,3.564793608,3.780130031,4.080063636,4.077971106,4.132388433,3.992626754,3.990633582,4.019096917,3.950407043,3.747632751,3.653040811,3.636030385,3.593479768,3.561982735,3.631362862,3.520636384,3.438454857,3.36454175,3.498527968,
Europa y Asia central (BIRF y la AIF),TEC,"Desempleo, mujeres (% de la población activa femenina) (estimación modelado OIT)",SL.UEM.TOTL.FE.ZS,5.957007169,6.131957759,6.966407784,8.47457638,9.645823559,10.38260477,11.18054654,12.00046001,12.30588569,11.64434962,10.91379841,10.55602004,10.24749982,9.954666674,9.397590599,8.516330632,7.306814393,7.109943315,8.398297938,8.183304694,7.730721093,7.288070123,7.382754401,7.333831988,7.406445029,7.192130813,6.911736189,6.568213958,6.692959301,
Togo,TGO,"Desempleo, mujeres (% de la población activa femenina) (estimación modelado OIT)",SL.UEM.TOTL.FE.ZS,4.12,4.19,4.29,4.44,4.32,4.27,4.35,4.34,4.38,4.39,4.38,4.41,4.4,4.34,4.29,4.16,3.4,2.82,2.5,2.05,1.64,1.66,1.69,1.67,1.69,2.25,2.77,2.71,2.67,
Tailandia,THA,"Desempleo, mujeres (% de la población activa femenina) (estimación modelado OIT)",SL.UEM.TOTL.FE.ZS,3.43,1.49,1.83,1.62,1.34,1.12,0.9,3.4,2.94,2.34,2.49,1.63,1.44,1.38,1.21,1.12,1.07,1.04,0.82,0.62,0.68,0.53,0.2,0.56,0.61,0.71,0.85,0.74,0.73,
Tayikistán,TJK,"Desempleo, mujeres (% de la población activa femenina) (estimación modelado OIT)",SL.UEM.TOTL.FE.ZS,1.07,1.12,4.95,7.5,8.98,12.12,12.7,15.46,14.26,13.97,13.56,13.24,12.87,12.42,11.86,11.34,10.82,10.36,10.35,9.61,8.86,8.12,7.43,6.69,6.04,5.43,5.36,5.26,5.17,
Turkmenistán,TKM,"Desempleo, mujeres (% de la población activa femenina) (estimación modelado OIT)",SL.UEM.TOTL.FE.ZS,0.33,0.39,0.39,2.71,5.81,7.64,8.36,9.63,10.22,9.27,8.38,7.54,6.75,5.91,5.11,4.31,3.63,3.09,2.68,2.25,2.29,2.27,2.26,2.24,2.19,2.15,2.11,2.07,2.04,
América Latina y el Caribe (BIRF y la AIF),TLA,"Desempleo, mujeres (% de la población activa femenina) (estimación modelado OIT)",SL.UEM.TOTL.FE.ZS,7.677928025,7.537638722,7.55789691,8.323606276,9.712264911,10.2675458,10.40161141,10.76016001,11.63383265,11.59189947,10.89339864,11.22141594,11.38037725,10.96595155,10.21214463,9.40304303,8.951926846,8.401926882,9.379367999,8.752283104,8.118084222,7.834744621,7.725343274,7.401530665,8.08485593,9.340118542,9.700873799,9.583882454,9.673237654,
Timor-Leste,TLS,"Desempleo, mujeres (% de la población activa femenina) (estimación modelado OIT)",SL.UEM.TOTL.FE.ZS,3.97,4.01,4.09,4.11,4.11,4.12,4.06,4.02,3.84,4.15,4.17,4.06,4.06,3.99,3.95,3.8,3.81,3.79,4.02,4.03,4.36,4.71,5.07,5.45,5.82,6.24,6.05,6.01,6.03,
Oriente Medio y Norte de África (BIRF y la AIF),TMN,"Desempleo, mujeres (% de la población activa femenina) (estimación modelado OIT)",SL.UEM.TOTL.FE.ZS,17.81122211,16.11785831,17.39373194,17.91278807,18.26926542,16.34454976,16.56900629,16.91501371,17.01819122,18.76043368,18.90960481,19.80523526,18.93163513,18.03118092,18.53674416,17.33778938,16.28698628,16.56390578,17.79330483,18.67610558,19.0569643,19.5351347,19.46928046,19.76274702,20.13954273,20.3768959,20.65790917,19.83516127,19.54242518,
Tonga,TON,"Desempleo, mujeres (% de la población activa femenina) (estimación modelado OIT)",SL.UEM.TOTL.FE.ZS,2.19,2.01,2.09,2.5,2.97,3.34,3.74,4.42,4.97,5.48,6.13,6.8,7.41,5.05,3.13,1.66,1.79,1.99,2.31,2.51,2.67,2.8,3,3.21,3.39,3.54,3.59,3.66,3.65,
Asia meridional (BIRF y la AIF),TSA,"Desempleo, mujeres (% de la población activa femenina) (estimación modelado OIT)",SL.UEM.TOTL.FE.ZS,4.992412688,5.158006979,5.212476256,5.30172581,5.318780103,5.25730204,5.090393619,5.140680307,5.279367071,5.039428743,5.091609644,5.165891785,5.367367826,5.438506525,5.519250318,5.299930551,5.214514722,4.936424718,5.364327114,5.150468496,5.106319902,5.245839647,5.583310853,5.445288191,5.875107918,5.777521845,5.555493879,5.420858469,5.321565309,
África al sur del Sahara (BIRF y la AIF),TSS,"Desempleo, mujeres (% de la población activa femenina) (estimación modelado OIT)",SL.UEM.TOTL.FE.ZS,6.187707607,6.258840274,6.385941612,6.399049317,6.464589695,6.535195503,6.538419318,6.575475215,6.723609882,6.701777488,6.715365988,7.059614569,6.976169121,6.708099544,6.611250187,6.45798066,6.156790734,5.664363799,5.922997014,6.464081343,6.324879592,6.243317254,6.121965631,6.309611895,6.316334046,6.706673763,6.785051039,6.546393172,6.437824246,
Trinidad y Tobago,TTO,"Desempleo, mujeres (% de la población activa femenina) (estimación modelado OIT)",SL.UEM.TOTL.FE.ZS,4.09,4.1,4.01,3.94,4.06,4.14,4.28,4.37,4.37,4.43,4.43,4.43,4.57,4.71,4.72,4.98,5.24,5.12,4.71,4.66,4.23,4.56,3.24,2.93,2.94,3.17,3.21,3.37,3.48,
Túnez,TUN,"Desempleo, mujeres (% de la población activa femenina) (estimación modelado OIT)",SL.UEM.TOTL.FE.ZS,16.84,17.32,17.06,17.16,17.08,17.43,17.34,16.86,16.58,16.11,15.56,15.74,16.2,16.46,15.17,15.15,15.16,15.95,18.8,18.97,27.42,25.66,23.05,21.43,22.23,23.26,22.95,22.96,22.41,
Turquía,TUR,"Desempleo, mujeres (% de la población activa femenina) (estimación modelado OIT)",SL.UEM.TOTL.FE.ZS,7.14,7.78,9.35,8.1,7.33,5.97,7.79,6.81,7.59,6.27,7.48,9.47,10.11,10.99,11.18,9.1,9.15,9.98,12.61,11.38,10.06,9.36,10.53,11.81,12.56,13.6,13.85,13.74,16.38,
Tuvalu,TUV,"Desempleo, mujeres (% de la población activa femenina) (estimación modelado OIT)",SL.UEM.TOTL.FE.ZS,,,,,,,,,,,,,,,,,,,,,,,,,,,,,,
Tanzanía,TZA,"Desempleo, mujeres (% de la población activa femenina) (estimación modelado OIT)",SL.UEM.TOTL.FE.ZS,4.38,4.32,4.26,4.11,3.92,3.72,3.53,3.41,3.29,3.11,2.96,3.31,3.64,3.98,4.27,4.48,3.75,3.11,2.76,3.5,4.33,4.03,3.8,2.71,2.67,2.64,2.58,2.55,2.5,
Uganda,UGA,"Desempleo, mujeres (% de la población activa femenina) (estimación modelado OIT)",SL.UEM.TOTL.FE.ZS,0.57,0.66,0.84,1.07,1.33,1.61,1.95,2.35,2.81,3.25,3.82,4.38,4.56,3.19,2.11,2.44,2.88,3.36,4.17,4.27,4.27,4.28,2.46,2.4,2.38,2.32,2.3,2.24,2.21,
Ucrania,UKR,"Desempleo, mujeres (% de la población activa femenina) (estimación modelado OIT)",SL.UEM.TOTL.FE.ZS,1.36,1.35,1.4,1.34,4.94,7.27,8.39,10.76,11.39,11.35,10.72,9.78,8.73,8.29,6.82,6.6,6,6.09,7.3,6.82,6.72,6.47,6.22,7.52,8.08,7.69,7.75,7.43,7.85,
Ingreso mediano alto,UMC,"Desempleo, mujeres (% de la población activa femenina) (estimación modelado OIT)",SL.UEM.TOTL.FE.ZS,3.822443539,3.815951839,4.157544816,4.632792591,5.044126733,5.174777002,5.40768525,5.636734568,5.860644416,5.651911177,5.724585362,6.002070045,6.221739508,6.063431324,5.963416792,5.722499319,5.458033265,5.43430569,5.865703834,5.610237554,5.440801456,5.389966407,5.393940245,5.354244375,5.574365989,5.854735422,5.901667456,5.803599559,6.068704457,
Uruguay,URY,"Desempleo, mujeres (% de la población activa femenina) (estimación modelado OIT)",SL.UEM.TOTL.FE.ZS,11.85,11.95,11.93,11.93,11.96,11.93,12.22,12.31,13.68,15.87,19.83,21,20.81,16.61,15.26,14.23,12.76,10.95,10.46,9.47,8.1,8.31,8.23,8.36,8.86,9.45,9.48,10.09,11.34,
Estados Unidos,USA,"Desempleo, mujeres (% de la población activa femenina) (estimación modelado OIT)",SL.UEM.TOTL.FE.ZS,6.36,7,6.57,6.05,5.67,5.47,5.08,4.62,4.34,4.1,4.65,5.61,5.66,5.4,5.1,4.63,4.5,5.42,8.06,8.61,8.46,7.89,7.07,6.06,5.18,4.79,4.31,3.84,3.61,
Uzbekistán,UZB,"Desempleo, mujeres (% de la población activa femenina) (estimación modelado OIT)",SL.UEM.TOTL.FE.ZS,2.01,3.06,5.47,8.36,9.1,12.74,13.06,16.06,16.04,14.5,13.07,11.81,10.54,9.36,8.15,6.97,5.93,5.81,5.94,6.41,4.82,4.72,4.72,4.92,5.02,5.02,5.56,5.55,5.49,
San Vicente y las Granadinas,VCT,"Desempleo, mujeres (% de la población activa femenina) (estimación modelado OIT)",SL.UEM.TOTL.FE.ZS,22.11,22.2,21.79,21.13,21.29,20.52,20.3,19.97,19.5,19.05,18.64,18.79,18.67,18.2,17.77,17.53,16.95,16.43,16.78,16.83,16.98,17.08,17.19,16.96,16.94,16.87,16.72,16.65,16.58,
Venezuela,VEN,"Desempleo, mujeres (% de la población activa femenina) (estimación modelado OIT)",SL.UEM.TOTL.FE.ZS,9.32,6.91,5.66,9.58,12.64,14.39,13.65,13.33,16.5,14.61,14.11,18.92,20.49,17.95,11.64,9.38,7.64,6.22,5.97,6.95,7.21,7.11,8.61,8.47,8.44,8.05,7.93,7.92,7.72,
Islas Vírgenes (EE.UU.),VIR,"Desempleo, mujeres (% de la población activa femenina) (estimación modelado OIT)",SL.UEM.TOTL.FE.ZS,6.98,6.89,6.85,6.92,7.01,7.12,7.2,7.28,7.22,7.31,7.34,7.33,7.36,7.46,7.66,7.89,8.09,8.11,7.61,7.56,7.68,7.46,7.48,7.82,8.08,8.25,8.4,8.54,8.74,
Viet Nam,VNM,"Desempleo, mujeres (% de la población activa femenina) (estimación modelado OIT)",SL.UEM.TOTL.FE.ZS,1.43,1.55,1.62,1.67,1.69,1.69,2.54,2.16,2.41,2.14,3.27,2.33,2.64,2.44,2.29,2.09,1.93,1.64,1.57,1.08,0.9,0.93,1.14,1.11,1.7,1.7,1.7,1.03,2.01,
Vanuatu,VUT,"Desempleo, mujeres (% de la población activa femenina) (estimación modelado OIT)",SL.UEM.TOTL.FE.ZS,4.91,4.98,5.07,5.3,5.11,5.14,5.19,5.11,5.14,5.24,5.01,5.02,5.24,5.21,5.16,5.1,4.91,4.91,5.15,1.57,1.54,1.54,1.55,1.53,1.51,1.51,1.49,1.45,1.42,
Mundo,WLD,"Desempleo, mujeres (% de la población activa femenina) (estimación modelado OIT)",SL.UEM.TOTL.FE.ZS,4.810238189,4.899668407,5.206980015,5.560035755,5.764435757,5.849186778,5.908482809,6.062077294,6.182606753,5.982454689,6.00800555,6.244716566,6.385063906,6.292227274,6.193752126,5.871283409,5.602423987,5.503767351,6.102932909,6.091506694,5.93921768,5.928014675,5.910906791,5.786213716,5.828562876,5.873527445,5.757485488,5.532016448,5.520820024,
Samoa,WSM,"Desempleo, mujeres (% de la población activa femenina) (estimación modelado OIT)",SL.UEM.TOTL.FE.ZS,2.51,2.9,3.19,3.59,3.91,4.26,4.47,4.83,5.17,5.65,6.1,6.17,6.23,6.21,6.29,6.13,6.05,6.15,6.23,6.44,6.69,10.35,10.32,10.35,10.29,10.35,10.05,9.85,9.82,
"Yemen, Rep. del",YEM,"Desempleo, mujeres (% de la población activa femenina) (estimación modelado OIT)",SL.UEM.TOTL.FE.ZS,3.75,3.83,3.83,3.88,4.57,5.32,6.19,7.15,8.16,8.93,9.69,10.59,11.53,12.44,13.37,14.14,15.07,16.15,18,19.59,20.39,22.63,24.58,26.12,24.77,25.34,25.27,25.33,25.25,
Sudáfrica,ZAF,"Desempleo, mujeres (% de la población activa femenina) (estimación modelado OIT)",SL.UEM.TOTL.FE.ZS,35.34,35.33,35.88,36.16,36.12,36.17,35.94,35.7,35.92,35.96,36.56,41.37,39.31,36.23,36.42,35.82,33.06,25.8,25.57,27.02,27.23,27.08,26.54,27.03,27.54,28.99,29.26,29.05,30.5,
Zambia,ZMB,"Desempleo, mujeres (% de la población activa femenina) (estimación modelado OIT)",SL.UEM.TOTL.FE.ZS,22.1,21.36,20.6,18.56,17.35,15.83,13.52,11.49,11.59,11.43,12.09,12.9,13.81,14.56,15.24,12.47,9.91,7.71,10.48,13.44,10.48,7.97,8.84,9.7,10.66,11.61,12.57,13.24,13.09,
Zimbabwe,ZWE,"Desempleo, mujeres (% de la población activa femenina) (estimación modelado OIT)",SL.UEM.TOTL.FE.ZS,2.8,2.84,2.95,2.96,3.54,4.28,5,4.8,4.6,4.63,4.64,4.65,4.62,4.53,4.64,4.7,4.78,4.93,5.52,5.77,5.99,6.01,6,5.98,5.92,5.87,5.76,5.62,5.55,
